Country name,Regional indicator_x,Ladder score,Standard error of ladder score,upperwhisker,lowerwhisker,Logged GDP per capita,Social support,Healthy life expectancy,Freedom to make life choices,Generosity,Perceptions of corruption,Ladder score in Dystopia,Explained by: Log GDP per capita,Explained by: Social support,Explained by: Healthy life expectancy,Explained by: Freedom to make life choices,Explained by: Generosity,Explained by: Perceptions of corruption,Dystopia + residual,Population (2020),Yearly Change,Net Change,Density (P/Km²),Land Area (Km²),Migrants (net),Fert. Rate,Med. Age,Urban Pop %,World Share,Population_2020,Population_2019,"COVID-19_deaths_per_100,000_population_in_2020",Median age,Island,Index of exposure to COVID-19  infections in other countries as of March 31,Log of average distance to SARS countries,WHO Western Pacific Region,Female head of government,Index of institutional trust,Gini coefficient of income,"All-cause death count, 2017","All-cause death count, 2018",All-cause death _count_2019,All-cause_death_count_2020,"Excess deaths in 2020 per 100,000 population, relative to 2017-2019 average",democ,autoc,polity,polity2,Regional indicator_y,Ladder score 2020,Standard error of ladder score 2020,upperwhisker 2020,lowerwhisker 2020,Logged GDP per capita 2020,Social support 2020,Healthy life expectancy 2020,Freedom to make life choices 2020,Generosity 2020,Perceptions of corruption 2020,Population_density_net_change,Change_in_ladder_score,Change_in_GDP_per_capita,Change_in_social_support,Change_in_healthy_life_expectancy,Change_in_freedom_to_make_life_choice,Change_in_generosity_2020,Change_in_perceptions_of_corruption
Finland,Western Europe,7.842,0.032,7.904,7.78,10.775,0.954,72.0,0.949,-0.098,0.186,2.43,1.446,1.106,0.741,0.691,0.124,0.481,3.253,5542237.0,0.15 %,8564.0,18.0,303890.0,14000.0,1.5,43,86 %,0.07 %,5540718.0,5520314.0,10.125,42.8,0.0,2.225,8.927,0.0,1.0,0.55,25.9,53546.0,54394.0,53821.0,55663.0,31.51,10.0,0.0,10.0,10.0,Western Europe,7.808700085,0.031156305,7.869766235,7.747633934,10.63926697,0.954329729,71.9008255,0.949172199,-0.059482019,0.195444584,0.028181249794333476,0.033299914999999736,0.1357330300000008,-0.00032972900000005634,0.09917450000000372,-0.00017219900000009503,-0.03851798100000001,-0.009444584000000006
Denmark,Western Europe,7.62,0.035,7.687,7.552,10.933,0.954,72.7,0.946,0.03,0.179,2.43,1.502,1.108,0.763,0.686,0.208,0.485,2.868,5795780.0,0.35 %,20326.0,137.0,42430.0,15200.0,1.8,42,88 %,0.07 %,5792203.0,5818553.0,22.409,42.3,0.0,3.953,9.006,0.0,1.0,0.572,27.8,53103.0,55076.0,53805.0,55477.0,25.534,10.0,0.0,10.0,10.0,Western Europe,7.645599842,0.033492286,7.711244583,7.579955101,10.77400112,0.955990791,72.40250397,0.951444268,0.066201776,0.168489456,0.4790478435069526,-0.025599842000000095,0.1589988800000004,-0.0019907909999999918,0.2974960300000049,-0.005444268000000085,-0.036201776000000005,0.010510543999999983
Switzerland,Western Europe,7.571,0.036,7.643,7.5,11.117,0.942,74.4,0.919,0.025,0.292,2.43,1.566,1.079,0.816,0.653,0.204,0.413,2.839,8665615.0,0.74 %,63257.0,219.0,39516.0,52000.0,1.5,43,74 %,0.11 %,8654618.0,8574832.0,88.334,43.1,0.0,5.584,9.078,0.0,0.0,0.66,30.1,66703.0,66888.0,67515.0,77087.0,116.68,10.0,0.0,10.0,10.0,Western Europe,7.559899807,0.035014171,7.628527641,7.491271973,10.97993279,0.942846596,74.10244751,0.921336651,0.105911039,0.303728431,1.6007946148395586,0.01110019299999987,0.13706721000000144,-0.0008465960000000328,0.29755249000000106,-0.002336650999999912,-0.08091103899999999,-0.011728431000000039
Iceland,Western Europe,7.554,0.059,7.67,7.438,10.878,0.983,73.0,0.955,0.16,0.673,2.43,1.482,1.172,0.772,0.698,0.293,0.17,2.967,341628.0,0.65 %,2212.0,3.0,100250.0,380.0,1.8,37,94 %,0.00 %,341250.0,361313.0,8.498,37.3,1.0,1.649,9.07,0.0,1.0,0.325,24.1,2229.0,2247.0,2261.0,2321.0,21.445,,,,,Western Europe,7.504499912,0.059615862,7.621346951,7.387652874,10.77255917,0.974669576,73.0,0.948891878,0.246944219,0.711709738,0.022064837905236907,0.049500088000000275,0.10544083000000093,0.008330423999999947,0.0,0.006108121999999994,-0.08694421899999999,-0.038709737999999994
Netherlands,Western Europe,7.464,0.027,7.518,7.41,10.932,0.942,72.4,0.913,0.175,0.338,2.43,1.501,1.079,0.753,0.647,0.302,0.384,2.798,17141544.0,0.22 %,37742.0,508.0,33720.0,16000.0,1.7,43,92 %,0.22 %,17134873.0,17332850.0,67.26,43.2,0.0,5.574,9.06,0.0,0.0,0.522,27.0,149805.0,152991.0,151547.0,171175.0,114.468,10.0,0.0,10.0,10.0,Western Europe,7.448900223,0.02779175,7.503372192,7.394428253,10.81271172,0.93913883,72.30091858,0.908547819,0.20761244,0.364717126,1.119276393831554,0.015099777000000536,0.11928828000000102,0.0028611699999999685,0.09908142000000453,0.0044521809999999995,-0.03261244000000002,-0.02671712599999998
Norway,Western Europe,7.392,0.035,7.462,7.323,11.053,0.954,73.3,0.96,0.093,0.27,2.43,1.543,1.108,0.782,0.703,0.249,0.427,2.58,5428594.0,0.79 %,42384.0,15.0,365268.0,28000.0,1.7,40,83 %,0.07 %,5421242.0,5347896.0,8.042,39.7,0.0,2.676,8.993,0.0,1.0,0.606,24.8,40634.0,40716.0,40500.0,41155.0,9.998,10.0,0.0,10.0,10.0,Western Europe,7.487999916,0.034837384,7.55628109,7.419718742,11.08780384,0.952486575,73.20078278,0.955750287,0.13453263,0.263218194,0.11603534938729919,-0.09599991599999935,-0.03480383999999859,0.0015134249999999572,0.09921721999999988,0.004249712999999988,-0.04153262999999999,0.006781806000000001
Sweden,Western Europe,7.363,0.036,7.433,7.293,10.867,0.934,72.7,0.945,0.086,0.237,2.43,1.478,1.062,0.763,0.685,0.244,0.448,2.683,10110233.0,0.63 %,62886.0,25.0,410340.0,40000.0,1.9,41,88 %,0.13 %,10099270.0,10285453.0,86.412,41.0,0.0,2.59,8.963,0.0,0.0,0.451,27.0,91627.0,91920.0,88545.0,99647.0,87.812,10.0,0.0,10.0,10.0,Western Europe,7.353499889,0.036234196,7.424519062,7.282480717,10.75879383,0.926311195,72.60076904,0.939144194,0.111614622,0.250880182,0.15325339961982745,0.009500111000000366,0.10820617000000077,0.007688805000000021,0.09923095999999987,0.005855805999999908,-0.025614622000000004,-0.013880182000000019
Luxembourg,Western Europe,7.324,0.037,7.396,7.252,11.647,0.908,72.6,0.907,-0.034,0.386,2.43,1.751,1.003,0.76,0.639,0.166,0.353,2.653,627704.0,1.66 %,10249.0,242.0,2590.0,9741.0,1.5,40,88 %,0.01 %,625976.0,619896.0,79.076,39.7,0.0,5.974,9.07,0.0,0.0,0.595,30.9,4251.0,4300.0,4288.0,4706.0,68.439,10.0,0.0,10.0,10.0,Western Europe,7.237500191,0.030851794,7.297969818,7.177030563,11.45068073,0.906912208,72.59999847,0.90563643,-0.004620588,0.367084295,3.9571428571428573,0.0864998090000002,0.19631927000000005,0.0010877919999999763,1.5299999915896478e-06,0.0013635699999999806,-0.029379412,0.018915705000000005
New Zealand,North America and ANZ,7.277,0.04,7.355,7.198,10.643,0.948,73.4,0.929,0.134,0.242,2.43,1.4,1.094,0.785,0.665,0.276,0.445,2.612,4829021.0,0.82 %,39170.0,18.0,263310.0,14881.0,1.9,38,87 %,0.06 %,4822233.0,4917000.0,0.518,37.9,1.0,0.379,9.266,1.0,1.0,0.527,34.1,33495.0,33053.0,34088.0,33177.0,-7.564,10.0,0.0,10.0,10.0,North America and ANZ,7.299600124,0.039465468,7.376952648,7.222247601,10.50094318,0.949118972,73.20262909,0.936217487,0.191598073,0.22113885,0.14876001671034142,-0.02260012400000022,0.14205682000000053,-0.0011189719999999959,0.19737091000000362,-0.007217486999999911,-0.057598073,0.020861149999999995
Austria,Western Europe,7.268,0.036,7.337,7.198,10.906,0.934,73.3,0.908,0.042,0.481,2.43,1.492,1.062,0.782,0.64,0.215,0.292,2.784,9015361.0,0.57 %,51296.0,109.0,82409.0,65000.0,1.5,43,57 %,0.12 %,9006400.0,8877067.0,69.084,44.4,0.0,4.315,9.023,0.0,0.0,0.358,26.8,81311.0,82063.0,81557.0,91553.0,110.821,10.0,0.0,10.0,10.0,Western Europe,7.294199944,0.033365164,7.359595776,7.228804111,10.7428236,0.928045869,73.00250244,0.899989486,0.085429221,0.499954879,0.6224562851144899,-0.02619994400000003,0.1631764000000011,0.005954131000000085,0.2974975599999965,0.00801051400000008,-0.043429221,-0.018954879000000036
Australia,North America and ANZ,7.183,0.041,7.265,7.102,10.796,0.94,73.9,0.914,0.159,0.442,2.43,1.453,1.076,0.801,0.647,0.291,0.317,2.598,25550683.0,1.18 %,296686.0,3.0,7682300.0,158246.0,1.8,38,86 %,0.33 %,25499881.0,25364307.0,3.565,37.9,1.0,0.405,9.102,1.0,0.0,0.335,33.0,,,,,,10.0,0.0,10.0,10.0,North America and ANZ,7.222799778,0.041841116,7.30480814,7.140791416,10.72059631,0.944854617,73.60453796,0.915431738,0.19046016,0.41516912,0.038619423870455465,-0.0397997779999999,0.07540368999999991,-0.0048546170000000055,0.29546204000000387,-0.0014317379999999602,-0.03146015999999999,0.02683088
Israel,Middle East and North Africa,7.157,0.034,7.224,7.09,10.575,0.939,73.503,0.8,0.031,0.753,2.43,1.376,1.074,0.788,0.509,0.208,0.119,3.083,8678517.0,1.60 %,136158.0,400.0,21640.0,10000.0,3.0,30,93 %,0.11 %,8655541.0,9053300.0,38.415,30.6,0.0,2.25,8.97,0.0,0.0,0.262,34.4,44425.0,44397.0,45794.0,49469.0,51.918,7.0,1.0,6.0,6.0,Middle East and North Africa,7.128600121,0.042515181,7.211929798,7.045270443,10.41752529,0.913571239,73.20025635,0.747580588,0.10259372,0.78085506,6.291959334565619,0.028399879000000183,0.1574747099999989,0.02542876099999991,0.3027436499999965,0.052419412,-0.07159372,-0.027855060000000043
Germany,Western Europe,7.155,0.04,7.232,7.077,10.873,0.903,72.5,0.875,0.011,0.46,2.43,1.48,0.993,0.757,0.6,0.195,0.306,2.824,83830972.0,0.32 %,266897.0,240.0,348560.0,543822.0,1.6,46,76 %,1.07 %,83783945.0,83132799.0,40.331,46.6,0.0,4.838,9.018,0.0,1.0,0.435,31.1,929351.0,952295.0,936772.0,1000855.0,73.548,10.0,0.0,10.0,10.0,Western Europe,7.075799942,0.035609804,7.145595074,7.00600481,10.7328186,0.898874462,72.20201874,0.867371082,0.080179386,0.456422031,0.7657132201055772,0.07920005800000052,0.14018139999999946,0.00412553800000004,0.29798126000000025,0.0076289179999999845,-0.06917938600000001,0.003577969000000014
Canada,North America and ANZ,7.103,0.042,7.185,7.021,10.776,0.926,73.8,0.915,0.089,0.415,2.43,1.447,1.044,0.798,0.648,0.246,0.335,2.585,37799407.0,0.89 %,331107.0,4.0,9093510.0,242032.0,1.5,41,81 %,0.48 %,37742157.0,37589262.0,41.418,41.4,0.0,2.296,9.268,0.0,0.0,0.482,35.25,,,,,,10.0,0.0,10.0,10.0,North America and ANZ,7.23210001,0.04040546,7.311294556,7.152905464,10.69236851,0.927176654,73.60160065,0.933913231,0.124770768,0.390843362,0.0364113527119891,-0.12910001000000015,0.08363149000000014,-0.0011766539999999992,0.19839935000000253,-0.018913230999999975,-0.03577076800000001,0.024156637999999953
Ireland,Western Europe,7.085,0.04,7.164,7.006,11.342,0.947,72.4,0.879,0.077,0.363,2.43,1.644,1.092,0.753,0.606,0.238,0.367,2.384,4947267.0,1.13 %,55291.0,72.0,68890.0,23604.0,1.8,38,63 %,0.06 %,4937796.0,4941444.0,45.304,38.7,1.0,3.188,9.1,0.0,0.0,0.431,30.6,,30621.0,30728.0,32271.0,32.32,10.0,0.0,10.0,10.0,Western Europe,7.093699932,0.039863452,7.171832085,7.01556778,11.16097832,0.942081571,72.30078888,0.886982977,0.145784974,0.357184172,0.8025983451879808,-0.008699931999999855,0.18102168000000063,0.004918428999999946,0.09921112000000676,-0.007982976999999947,-0.06878497400000001,0.005815827999999967
Costa Rica,Latin America and Caribbean,7.069,0.056,7.179,6.96,9.88,0.891,71.4,0.934,-0.126,0.809,2.43,1.134,0.966,0.722,0.673,0.105,0.083,3.387,5102158.0,0.92 %,46557.0,100.0,51060.0,4200.0,1.8,33,80 %,0.07 %,5094114.0,5047561.0,42.893,33.6,0.0,0.864,9.549,0.0,0.0,0.213,48.6,,,,,,10.0,0.0,10.0,10.0,Latin America and Caribbean,7.121399879,0.044816118,7.209239483,7.033560276,9.658156395,0.901545942,71.29985046,0.934738934,-0.10242971,0.786332428,0.9118096357226791,-0.052399879000000205,0.2218436050000001,-0.01054594200000003,0.10014954000000387,-0.0007389339999999134,-0.023570290000000008,0.022667572000000025
United Kingdom,Western Europe,7.064,0.038,7.138,6.99,10.707,0.934,72.5,0.859,0.233,0.459,2.43,1.423,1.062,0.757,0.58,0.34,0.306,2.596,67948282.0,0.53 %,355839.0,281.0,241930.0,260650.0,1.8,40,83 %,0.87 %,67886004.0,66834405.0,108.45,40.8,1.0,5.009,9.087,0.0,0.0,0.268,34.07,606874.0,613309.0,600532.0,696705.0,133.313,8.0,0.0,8.0,8.0,Western Europe,7.164500237,0.037161909,7.237337589,7.091662884,10.60013485,0.93668282,72.30160522,0.834743679,0.263732493,0.435915917,1.4708345389162154,-0.10050023700000033,0.10686515000000085,-0.0026828199999999747,0.198394780000001,0.02425632099999997,-0.030732493,0.023084083000000033
Czech Republic,Central and Eastern Europe,6.965,0.049,7.062,6.868,10.556,0.947,70.807,0.858,-0.208,0.868,2.43,1.37,1.09,0.703,0.58,0.052,0.046,3.124,,,,,,,,,,,10708982.0,10669709.0,108.133,43.3,0.0,4.817,9.025,0.0,0.0,0.29,24.0,111007.0,112604.0,112040.0,131440.0,182.952,9.0,0.0,9.0,9.0,Central and Eastern Europe,6.910900116,0.042891297,6.994966984,6.826833248,10.40416336,0.914430678,70.04793549,0.818537354,-0.230861515,0.85844624,,0.05409988400000021,0.15183663999999908,0.032569321999999956,0.7590645100000017,0.039462645999999935,0.022861515,0.009553759999999967
United States,North America and ANZ,6.951,0.049,7.047,6.856,11.023,0.92,68.2,0.837,0.098,0.698,2.43,1.533,1.03,0.621,0.554,0.252,0.154,2.807,331341050.0,0.59 %,1937734.0,36.0,9147420.0,954806.0,1.8,38,83 %,4.25 %,331002647.0,328239523.0,104.451,38.3,0.0,1.688,9.315,0.0,0.0,0.25,47.51,2810927.0,2839076.0,2852747.0,3424996.0,179.22,,,,,North America and ANZ,6.939599991,0.047316168,7.032339573,6.846860409,10.92576885,0.914219022,68.29949951,0.842619538,0.149891734,0.699715316,0.21183393787537907,0.011400008999999933,0.09723114999999893,0.005780977999999992,-0.09949951000000112,-0.005619538000000035,-0.051891733999999995,-0.0017153160000000778
Belgium,Western Europe,6.834,0.034,6.901,6.767,10.823,0.906,72.199,0.783,-0.153,0.646,2.43,1.463,0.998,0.747,0.489,0.088,0.187,2.862,11598451.0,0.44 %,50295.0,383.0,30280.0,48000.0,1.7,42,98 %,0.15 %,11589616.0,11484055.0,168.496,41.8,0.0,6.343,9.071,0.0,0.0,0.303,25.6,109278.0,110341.0,108436.0,128952.0,169.894,8.0,0.0,8.0,8.0,Western Europe,6.863500118,0.034370355,6.930866241,6.796133995,10.6736393,0.911632538,72.00164795,0.813582063,-0.078691199,0.612297952,1.660997357992074,-0.02950011800000052,0.1493607000000008,-0.005632537999999965,0.19735204999999212,-0.030582062999999993,-0.074308801,0.033702047999999984
France,Western Europe,6.69,0.037,6.762,6.618,10.704,0.942,74.0,0.822,-0.147,0.571,2.43,1.421,1.081,0.804,0.536,0.092,0.235,2.521,65298930.0,0.22 %,143783.0,119.0,547557.0,36527.0,1.9,42,82 %,0.84 %,65273512.0,67059887.0,99.212,42.0,0.0,5.031,9.092,0.0,0.0,0.234,29.3,604105.0,607786.0,611291.0,678259.0,106.597,10.0,0.0,10.0,10.0,Western Europe,6.663799763,0.037576791,6.737450123,6.590149403,10.58422279,0.937103748,73.80193329,0.825467646,-0.130641967,0.583521128,0.26259001345978594,0.026200237000000293,0.11977721000000052,0.00489625199999999,0.1980667100000062,-0.0034676460000000464,-0.016358032999999994,-0.012521128000000048
Bahrain,Middle East and North Africa,6.647,0.068,6.779,6.514,10.669,0.862,69.495,0.925,0.089,0.722,2.43,1.409,0.899,0.662,0.661,0.246,0.139,2.631,1711057.0,3.68 %,60403.0,2239.0,760.0,47800.0,2.0,32,89 %,0.02 %,1701583.0,1641172.0,20.687,32.4,1.0,1.667,8.852,0.0,0.0,0.487,59.6,,,,,,0.0,10.0,-10.0,-10.0,Middle East and North Africa,6.227300167,0.081882261,6.387789249,6.066811085,10.67638016,0.876342118,68.5,0.905855775,0.13372919,0.7393471,79.47763157894737,0.41969983300000013,-0.007380160000000302,-0.01434211799999996,0.9950000000000045,0.019144225000000015,-0.04472919,-0.01734710000000006
Malta,Western Europe,6.602,0.044,6.688,6.516,10.674,0.931,72.2,0.927,0.133,0.653,2.43,1.411,1.055,0.747,0.664,0.275,0.183,2.268,441750.0,0.27 %,1171.0,1380.0,320.0,900.0,1.5,43,93 %,0.01 %,441539.0,502653.0,49.599,42.4,1.0,2.822,9.097,0.0,0.0,0.403,28.7,3556.0,3672.0,3684.0,4093.0,96.52,,,,,Western Europe,6.772799969,0.042958103,6.856997967,6.688601971,10.53383827,0.93037951,72.19999695,0.924911439,0.214965805,0.658547282,3.659375,-0.17079996899999994,0.1401617299999991,0.0006204900000000846,3.050000003668174e-06,0.0020885610000001,-0.081965805,-0.005547281999999987
Taiwan Province of China,East Asia,6.584,0.038,6.659,6.51,10.871,0.898,69.6,0.784,-0.07,0.721,2.43,1.48,0.982,0.665,0.49,0.142,0.139,2.687,,,,,,,,,,,23816775.0,23780000.0,0.029,42.2,0.0,0.888,8.088,1.0,1.0,0.158,29.467,171242.0,172784.0,176296.0,173156.0,-1.196,,,,,East Asia,6.45539999,0.039139576,6.532113552,6.378686428,10.77568531,0.894309103,69.59999847,0.77153033,-0.073198698,0.73188293,,0.12860000999999954,0.09531469000000037,0.0036908970000000263,1.5299999915896478e-06,0.012469669999999988,0.003198698,-0.010882930000000068
United Arab Emirates,Middle East and North Africa,6.561,0.039,6.637,6.484,11.085,0.844,67.333,0.932,0.074,0.589,2.43,1.555,0.86,0.594,0.67,0.236,0.223,2.422,9910892.0,1.23 %,119873.0,118.0,83600.0,40000.0,1.4,33,86 %,0.13 %,9890400.0,9770529.0,6.764,34.0,0.0,1.199,8.821,0.0,0.0,0.694,38.3,,,,,,,,,,Middle East and North Africa,6.790800095,0.040698379,6.870568752,6.711031437,11.1099987,0.849181116,67.08278656,0.941345513,0.123450845,0.594502211,1.4338875598086125,-0.22980009499999987,-0.024998699999999374,-0.005181116000000041,0.250213439999996,-0.009345512999999972,-0.04945084500000001,-0.005502211000000035
Saudi Arabia,Middle East and North Africa,6.494,0.056,6.604,6.384,10.743,0.891,66.603,0.877,-0.149,0.684,2.43,1.435,0.964,0.571,0.603,0.09,0.163,2.668,34905942.0,1.59 %,545343.0,16.0,2149690.0,134979.0,2.3,32,84 %,0.45 %,34813867.0,34268528.0,17.875,31.9,0.0,1.25,8.897,0.0,0.0,0.651,45.9,,,,,,0.0,10.0,-10.0,-10.0,Middle East and North Africa,6.406499863,0.056533612,6.517305851,6.295693874,10.79781246,0.874067068,66.30514526,0.854191244,-0.168695062,0.682619512,0.25368448473966015,0.08750013700000014,-0.054812459999999064,0.01693293200000001,0.2978547399999911,0.022808755999999986,0.019695062000000013,0.001380488000000013
Spain,Western Europe,6.491,0.042,6.574,6.408,10.571,0.932,74.7,0.761,-0.081,0.745,2.43,1.375,1.057,0.826,0.462,0.135,0.124,2.513,46757980.0,0.04 %,18002.0,94.0,498800.0,40000.0,1.3,45,80 %,0.60 %,46754783.0,47076781.0,108.731,45.5,0.0,4.332,9.172,0.0,0.0,0.143,33.2,420589.0,423994.0,414914.0,501106.0,173.233,10.0,0.0,10.0,10.0,Western Europe,6.400899887,0.04230037,6.483808517,6.317991257,10.46292686,0.921125412,74.40270996,0.751989543,-0.050961714,0.765859902,0.036090617481956695,0.09010011300000009,0.10807314000000012,0.010874588000000074,0.29729004000000714,0.009010457000000027,-0.030038286000000004,-0.020859901999999986
Italy,Western Europe,6.483,0.045,6.572,6.395,10.623,0.88,73.8,0.693,-0.084,0.866,2.43,1.393,0.94,0.798,0.379,0.133,0.047,2.794,60446035.0,-0.15 %,-88249.0,206.0,294140.0,148943.0,1.3,47,69 %,0.78 %,60461828.0,60297396.0,122.654,47.9,0.0,5.501,9.078,0.0,0.0,0.076,33.4,656891.0,638884.0,642964.0,756317.0,182.298,10.0,0.0,10.0,10.0,Western Europe,6.38740015,0.043288074,6.47224474,6.302555561,10.48183632,0.889878571,73.60168457,0.66465199,-0.043460999,0.873404682,-0.30002379819133745,0.09559984999999926,0.14116368,-0.009878571000000003,0.19831542999999385,0.02834800999999998,-0.040539001000000005,-0.007404681999999996
Slovenia,Central and Eastern Europe,6.461,0.043,6.546,6.376,10.529,0.948,71.4,0.949,-0.101,0.806,2.43,1.36,1.093,0.722,0.69,0.122,0.085,2.388,2078989.0,0.01 %,284.0,103.0,20140.0,2000.0,1.6,45,55 %,0.03 %,2078932.0,2087946.0,129.73,44.5,0.0,4.308,9.045,0.0,0.0,0.177,23.4,20436.0,20428.0,20547.0,24277.0,182.711,10.0,0.0,10.0,10.0,Central and Eastern Europe,6.363399982,0.043841314,6.449328899,6.277471066,10.39232254,0.939575672,71.1029892,0.936142623,-0.080603383,0.817071021,0.0141012909632572,0.09760001800000051,0.13667745999999958,0.008424327999999925,0.29701080000000957,0.012857377000000003,-0.020396617000000006,-0.011071020999999903
Guatemala,Latin America and Caribbean,6.435,0.073,6.577,6.292,9.053,0.813,64.958,0.906,-0.038,0.775,2.43,0.845,0.79,0.519,0.638,0.163,0.105,3.375,17971382.0,1.90 %,334096.0,167.0,107160.0,-9215.0,2.9,23,52 %,0.23 %,17915567.0,16604026.0,26.865,22.9,0.0,0.864,9.497,0.0,0.0,0.286,44.488,,,,,,9.0,1.0,8.0,8.0,Latin America and Caribbean,6.398900032,0.058398303,6.5133605,6.284439564,8.924805641,0.816621482,64.8089447,0.908147573,-0.042938665,0.783237457,3.1177304964539005,0.03609996799999937,0.1281943590000001,-0.003621482000000009,0.14905530000000056,-0.0021475730000000137,0.004938665000000002,-0.008237457000000004
Uruguay,Latin America and Caribbean,6.431,0.046,6.521,6.341,9.966,0.925,69.1,0.896,-0.092,0.59,2.43,1.164,1.042,0.649,0.625,0.128,0.223,2.6,3475842.0,0.35 %,11996.0,20.0,175020.0,-3000.0,2.0,36,96 %,0.04 %,3473727.0,3461734.0,5.21,35.6,0.0,0.572,9.711,0.0,0.0,0.247,39.25,,,,,,10.0,0.0,10.0,10.0,Latin America and Caribbean,6.440100193,0.045419082,6.529121399,6.351078987,9.948192596,0.92281127,69.00254822,0.892395437,-0.101103112,0.635994136,0.06854073820134841,-0.00910019300000009,0.01780740399999914,0.002188730000000083,0.0974517800000001,0.003604563000000005,0.009103111999999997,-0.04599413600000002
Singapore,Southeast Asia,6.377,0.043,6.46,6.293,11.488,0.915,76.953,0.927,-0.018,0.082,2.43,1.695,1.019,0.897,0.664,0.176,0.547,1.379,5858322.0,0.79 %,46005.0,8358.0,700.0,27028.0,1.2,42,N.A.,0.08 %,5850343.0,5703569.0,0.496,42.4,1.0,1.26,8.426,1.0,1.0,0.869,45.2,20905.0,21282.0,21446.0,22000.0,13.658,2.0,4.0,-2.0,-2.0,Southeast Asia,6.377099991,0.033258967,6.442287445,6.311912537,11.39552116,0.910268962,76.80458069,0.926645339,0.029879224,0.109784193,65.72142857142858,-9.999099999991046e-05,0.09247884000000006,0.004731038000000076,0.1484193100000084,0.00035466100000003387,-0.047879224,-0.027784193
Kosovo,Central and Eastern Europe,6.372,0.059,6.487,6.257,9.318,0.821,63.813,0.869,0.257,0.917,2.43,0.937,0.807,0.483,0.593,0.356,0.014,3.182,,,,,,,,,,,1932774.0,1794248.0,68.916,35.0,0.0,3.134,9.015,0.0,1.0,0.169,29.01,8738.0,8866.0,9552.0,11108.0,110.329,8.0,0.0,8.0,8.0,Central and Eastern Europe,6.325200081,0.052216277,6.427544117,6.222856045,9.204429626,0.820726514,63.88555527,0.861535907,0.190933764,0.922328293,,0.04679991899999969,0.11357037400000003,0.00027348599999998946,-0.07255526999999518,0.0074640929999999495,0.066066236,-0.0053282929999999284
Slovakia,Central and Eastern Europe,6.331,0.041,6.411,6.251,10.369,0.936,69.201,0.766,-0.124,0.911,2.43,1.304,1.066,0.653,0.468,0.107,0.018,2.714,5460109.0,0.05 %,2629.0,114.0,48088.0,1485.0,1.5,41,54 %,0.07 %,5459643.0,5454073.0,39.16,41.2,0.0,4.655,9.019,0.0,1.0,0.195,23.2,53702.0,54137.0,53115.0,60277.0,121.419,,,,,Central and Eastern Europe,6.280600071,0.03889757,6.35683918,6.204360962,10.34774971,0.922493756,68.90634155,0.749952674,-0.124409303,0.918096125,0.05467060389286309,0.05039992900000012,0.02125028999999934,0.013506244,0.29465845,0.01604732600000003,0.00040930299999999975,-0.007096125000000009
Brazil,Latin America and Caribbean,6.33,0.043,6.415,6.245,9.577,0.882,66.601,0.804,-0.071,0.756,2.43,1.028,0.944,0.571,0.514,0.142,0.117,3.015,212821986.0,0.72 %,1509890.0,25.0,8358140.0,21200.0,1.7,33,88 %,2.73 %,212559409.0,211049527.0,91.715,33.5,0.0,0.657,9.666,0.0,0.0,0.115,54.0,1312663.0,1316719.0,1349802.0,1571383.0,115.667,8.0,0.0,8.0,8.0,Latin America and Caribbean,6.375599861,0.040790688,6.455549717,6.295650005,9.56643486,0.896723807,66.48016357,0.799804807,-0.101812392,0.770601273,0.18064904392604095,-0.04559986100000035,0.010565140000000639,-0.014723806999999978,0.12083642999999711,0.0041951930000000415,0.030812392000000008,-0.014601273000000026
Mexico,Latin America and Caribbean,6.317,0.053,6.42,6.213,9.859,0.831,68.597,0.862,-0.147,0.799,2.43,1.126,0.83,0.634,0.585,0.092,0.089,2.961,129166028.0,1.06 %,1357224.0,66.0,1943950.0,-60000.0,2.1,29,84 %,1.65 %,128932753.0,127575529.0,97.576,29.3,0.0,0.848,9.434,0.0,0.0,0.129,47.5,701160.0,718206.0,728889.0,1045794.0,257.075,8.0,0.0,8.0,8.0,Latin America and Caribbean,6.465000153,0.048122469,6.559319973,6.370680332,9.797797203,0.838665426,68.29902649,0.858709276,-0.175266623,0.806821585,0.6981784510918491,-0.1480001529999999,0.061202796999999975,-0.007665426000000086,0.2979735099999914,0.003290723999999967,0.02826662300000002,-0.007821584999999964
Jamaica,Latin America and Caribbean,6.309,0.156,6.615,6.004,9.186,0.877,67.5,0.89,-0.137,0.884,2.43,0.891,0.932,0.599,0.618,0.099,0.035,3.135,2963429.0,0.44 %,12888.0,273.0,10830.0,-11332.0,2.0,31,55 %,0.04 %,2961161.0,2948279.0,10.199,31.4,1.0,1.045,9.502,0.0,0.0,0.133,37.48,,,,,,9.0,0.0,9.0,9.0,Latin America and Caribbean,5.889800072,0.120590433,6.126157284,5.65344286,9.006250381,0.915701866,67.09999847,0.858068526,-0.125106767,0.888890028,1.190027700831025,0.4191999280000003,0.17974961900000075,-0.03870186600000003,0.4000015299999973,0.03193147399999996,-0.011893233000000003,-0.004890028000000046
Lithuania,Central and Eastern Europe,6.255,0.045,6.344,6.167,10.499,0.935,67.906,0.773,-0.203,0.826,2.43,1.35,1.065,0.612,0.476,0.056,0.073,2.624,2715340.0,-1.35 %,-37338.0,43.0,62674.0,-32780.0,1.7,45,71 %,0.03 %,2722291.0,2786844.0,53.558,43.5,0.0,2.539,8.944,0.0,1.0,0.189,36.9,39990.0,39452.0,38184.0,43824.0,167.552,10.0,0.0,10.0,10.0,Central and Eastern Europe,6.215499878,0.044193108,6.302118301,6.128881454,10.34362602,0.926107109,67.29407501,0.747381449,-0.219725296,0.809583843,-0.5957494335769219,0.03950012199999975,0.15537398000000024,0.008892891000000014,0.6119249900000057,0.02561855099999999,0.016725295999999973,0.016416156999999987
Cyprus,Western Europe,6.223,0.049,6.319,6.128,10.576,0.802,73.898,0.763,-0.015,0.844,2.43,1.377,0.765,0.801,0.464,0.178,0.061,2.578,1208886.0,0.73 %,8784.0,131.0,9240.0,5000.0,1.3,37,67 %,0.02 %,875899.0,1198575.0,13.586,37.3,1.0,1.908,8.968,0.0,0.0,0.174,29.1,6009.0,5798.0,6218.0,6636.0,60.513,10.0,0.0,10.0,10.0,Western Europe,6.15899992,0.050605938,6.258187771,6.059812069,10.40570259,0.805996239,73.70222473,0.779858291,0.043731496,0.856271744,0.9506493506493506,0.06400007999999957,0.17029740999999987,-0.0039962389999999015,0.1957752699999986,-0.016858291000000025,-0.058731496,-0.012271743999999973
Estonia,Central and Eastern Europe,6.189,0.038,6.263,6.115,10.481,0.941,68.8,0.909,-0.106,0.527,2.43,1.344,1.079,0.64,0.641,0.119,0.263,2.103,1326693.0,0.07 %,887.0,31.0,42390.0,3911.0,1.6,42,68 %,0.02 %,1326539.0,1326590.0,17.263,42.7,0.0,2.365,8.93,0.0,1.0,0.27,30.6,15476.0,15684.0,15332.0,16206.0,53.421,9.0,0.0,9.0,9.0,Central and Eastern Europe,6.021800041,0.035985194,6.092330933,5.95126915,10.34001732,0.934729993,68.60495758,0.87770915,-0.111697771,0.623073816,0.02092474640245341,0.1671999590000004,0.14098268000000047,0.006270006999999911,0.19504241999999294,0.03129084999999998,0.005697771000000004,-0.09607381599999998
Panama,Latin America and Caribbean,6.18,0.073,6.323,6.036,10.35,0.896,69.652,0.872,-0.166,0.856,2.43,1.298,0.976,0.667,0.596,0.079,0.053,2.509,4326296.0,1.61 %,68328.0,58.0,74340.0,11200.0,2.5,30,68 %,0.06 %,4314768.0,4246439.0,93.215,29.7,0.0,0.91,9.568,0.0,0.0,0.182,49.8,19482.0,19720.0,20332.0,23876.0,94.177,9.0,0.0,9.0,9.0,Latin America and Caribbean,6.304800034,0.059724931,6.421860695,6.187739372,10.03423405,0.902094483,69.60301208,0.880366504,-0.153927714,0.851588905,0.9191283292978208,-0.12480003400000061,0.3157659499999994,-0.006094482999999928,0.04898792000000185,-0.008366504000000052,-0.012072286000000015,0.0044110950000000315
Uzbekistan,Commonwealth of Independent States,6.179,0.068,6.312,6.045,8.836,0.918,65.255,0.97,0.311,0.515,2.43,0.769,1.027,0.528,0.716,0.391,0.271,2.477,33551824.0,1.48 %,487487.0,79.0,425400.0,-8863.0,2.4,28,50 %,0.43 %,33469199.0,33580650.0,1.834,28.2,0.0,1.141,8.62,0.0,0.0,0.435,39.7,160723.0,154913.0,154570.0,175637.0,56.381,0.0,9.0,-9.0,-9.0,Commonwealth of Independent States,6.257599831,0.05422755,6.36388588,6.151313782,8.740371704,0.926595807,65.10757446,0.974998116,0.248427153,0.501497388,1.1459496944052656,-0.07859983100000001,0.095628296000001,-0.008595806999999955,0.1474255400000004,-0.004998115999999997,0.06257284699999999,0.013502612000000025
Chile,Latin America and Caribbean,6.172,0.046,6.262,6.081,10.071,0.882,70.0,0.742,-0.044,0.83,2.43,1.2,0.946,0.678,0.438,0.159,0.07,2.682,19144605.0,0.87 %,164163.0,26.0,743532.0,111708.0,1.7,35,85 %,0.25 %,19116209.0,18952038.0,86.879,35.4,0.0,0.562,9.722,0.0,0.0,0.097,45.92,106045.0,106458.0,109079.0,127387.0,106.088,10.0,0.0,10.0,10.0,Latin America and Caribbean,6.228499889,0.045723889,6.318118572,6.138881207,10.0320549,0.879713595,69.90061951,0.744896293,-0.065668367,0.838239431,0.22078807637062023,-0.05649988900000036,0.0389450999999994,0.0022864049999999914,0.09938049000000149,-0.0028962930000000497,0.021668367000000008,-0.00823943100000002
Poland,Central and Eastern Europe,6.166,0.04,6.245,6.087,10.382,0.898,69.702,0.841,-0.165,0.735,2.43,1.309,0.982,0.668,0.558,0.08,0.13,2.438,37839255.0,-0.11 %,-41157.0,124.0,306230.0,-29395.0,1.4,42,60 %,0.49 %,37846605.0,37970874.0,75.447,41.8,0.0,3.199,8.978,0.0,0.0,0.304,27.8,402533.0,411312.0,407624.0,485441.0,206.508,10.0,0.0,10.0,10.0,Central and Eastern Europe,6.186299801,0.035500165,6.255880356,6.116719246,10.26512432,0.874257445,69.31113434,0.862055779,-0.205084071,0.686927021,-0.13439898115795318,-0.020299800999999285,0.1168756799999997,0.023742555,0.3908656600000029,-0.021055778999999997,0.040084071,0.04807297899999996
Kazakhstan,Commonwealth of Independent States,6.152,0.047,6.243,6.06,10.155,0.952,65.2,0.853,-0.069,0.733,2.43,1.23,1.103,0.527,0.573,0.143,0.132,2.446,18815231.0,1.21 %,225280.0,7.0,2699700.0,-18000.0,2.8,31,58 %,0.24 %,18776707.0,18513930.0,14.704,30.6,0.0,1.137,8.621,0.0,0.0,0.352,27.45,74381.0,130515.0,133489.0,162613.0,267.188,0.0,6.0,-6.0,-6.0,Commonwealth of Independent States,6.057899952,0.043229785,6.1426301,5.973169804,10.11465836,0.934744895,64.60996246,0.811601937,-0.068488635,0.764490843,0.08344630884913139,0.09410004800000049,0.0403416399999994,0.017255104999999937,0.5900375399999973,0.04139806299999993,-0.0005113649999999997,-0.031490843000000046
Romania,Central and Eastern Europe,6.14,0.057,6.253,6.027,10.284,0.832,67.355,0.845,-0.219,0.938,2.43,1.275,0.832,0.595,0.564,0.045,0.001,2.83,19214608.0,-0.66 %,-126866.0,84.0,230170.0,-73999.0,1.6,43,55 %,0.25 %,19237682.0,19356544.0,81.959,43.0,0.0,2.517,8.981,0.0,0.0,0.1,35.1,,,,,,9.0,0.0,9.0,9.0,Central and Eastern Europe,6.123700142,0.047432564,6.216668129,6.030732155,10.107584,0.825161517,67.20723724,0.842823207,-0.19781521,0.934300244,-0.551183907546596,0.016299858,0.17641600000000146,0.006838483000000006,0.1477627600000062,0.0021767929999999547,-0.02118479000000001,0.003699755999999943
Kuwait,Middle East and North Africa,6.106,0.066,6.235,5.977,10.817,0.843,66.9,0.867,-0.104,0.736,2.43,1.461,0.857,0.58,0.591,0.12,0.13,2.368,4281320.0,1.51 %,63488.0,240.0,17820.0,39520.0,2.1,37,N.A.,0.05 %,4270563.0,4207083.0,21.871,33.7,0.0,1.497,8.865,0.0,0.0,0.388,36.02,,,,,,0.0,7.0,-7.0,-7.0,Middle East and North Africa,6.102099895,0.053297732,6.206563473,5.997636318,11.08982468,0.846475244,66.76764679,0.872366488,-0.100184701,0.760849059,3.5627384960718294,0.0039001049999995985,-0.2728246799999994,-0.0034752439999999885,0.1323532100000051,-0.005366488000000058,-0.0038152989999999942,-0.024849059000000007
Serbia,Central and Eastern Europe,6.078,0.053,6.181,5.974,9.787,0.873,68.6,0.778,0.002,0.835,2.43,1.101,0.924,0.634,0.482,0.189,0.066,2.682,8731081.0,-0.40 %,-34864.0,100.0,87460.0,4000.0,1.5,42,56 %,0.11 %,6804596.0,6944975.0,47.189,41.2,0.0,3.134,9.015,0.0,1.0,0.221,37.8,103722.0,101655.0,102131.0,114954.0,181.116,9.0,1.0,8.0,8.0,Central and Eastern Europe,5.77820015,0.050712325,5.877596378,5.678803921,9.680980682,0.881475747,68.21020508,0.726495862,-0.073676221,0.843509018,-0.39862794420306424,0.2997998500000003,0.1060193180000013,-0.008475746999999978,0.38979491999999993,0.05150413799999998,0.075676221,-0.008509018000000035
El Salvador,Latin America and Caribbean,6.061,0.065,6.188,5.933,9.054,0.762,66.402,0.888,-0.11,0.688,2.43,0.845,0.675,0.565,0.615,0.116,0.16,3.085,6491923.0,0.51 %,32652.0,313.0,20720.0,-40539.0,2.1,28,73 %,0.08 %,6486201.0,6453553.0,20.459,27.6,0.0,0.863,9.508,0.0,0.0,0.239,40.5,,,,,,8.0,0.0,8.0,8.0,Latin America and Caribbean,6.34829998,0.058248438,6.462466717,6.234133244,8.909075737,0.806092262,66.10826111,0.833805263,-0.121072978,0.754319906,1.5758687258687258,-0.28729998000000023,0.14492426300000005,-0.04409226199999994,0.2937388900000002,0.05419473699999999,0.011072977999999997,-0.06631990600000004
Mauritius,Sub-Saharan Africa,6.049,0.059,6.165,5.933,10.008,0.905,66.701,0.867,-0.054,0.789,2.43,1.178,0.996,0.574,0.59,0.153,0.096,2.462,1272140.0,0.17 %,2100.0,626.0,2030.0,0.0,1.4,37,41 %,0.02 %,1271767.0,1265711.0,0.786,37.4,1.0,0.624,9.084,0.0,0.0,0.411,38.47,10140.0,10787.0,11174.0,11060.0,28.348,10.0,0.0,10.0,10.0,Sub-Saharan Africa,6.101299763,0.057226494,6.213463783,5.989135742,9.956786156,0.910357833,66.40434265,0.889534533,-0.018318573,0.805343091,1.0344827586206897,-0.05229976299999972,0.0512138439999994,-0.005357832999999923,0.2966573499999896,-0.022534532999999968,-0.035681427,-0.016343090999999976
Latvia,Central and Eastern Europe,6.032,0.036,6.103,5.961,10.315,0.927,67.1,0.715,-0.162,0.8,2.43,1.285,1.047,0.587,0.405,0.082,0.089,2.536,1882408.0,-1.08 %,-20545.0,30.0,62200.0,-14837.0,1.7,44,69 %,0.02 %,1886202.0,1912789.0,33.666,43.9,0.0,2.49,8.943,0.0,0.0,0.096,35.6,28659.0,28743.0,27632.0,28989.0,33.921,8.0,0.0,8.0,8.0,Central and Eastern Europe,5.949999809,0.034838136,6.018282413,5.881717205,10.17531967,0.918288589,66.8074646,0.671237648,-0.186888844,0.795580089,-0.3303054662379421,0.08200019099999967,0.13968032999999913,0.008711411000000058,0.29253539999999134,0.043762352000000004,0.024888843999999993,0.004419911000000054
Colombia,Latin America and Caribbean,6.012,0.061,6.132,5.892,9.557,0.847,68.001,0.837,-0.135,0.841,2.43,1.021,0.866,0.615,0.554,0.1,0.063,2.794,50976248.0,1.08 %,543448.0,46.0,1109500.0,204796.0,1.8,31,80 %,0.65 %,50882884.0,50339443.0,84.926,32.2,0.0,0.814,9.606,0.0,0.0,0.113,52.0,226799.0,236228.0,243648.0,301480.0,130.251,7.0,0.0,7.0,7.0,Latin America and Caribbean,6.163400173,0.056480873,6.274102688,6.052697659,9.500369072,0.884440243,67.69958496,0.836179912,-0.161235645,0.86457181,0.4898134294727355,-0.15140017300000075,0.05663092800000058,-0.03744024300000004,0.30141504000000907,0.0008200879999999966,0.026235645000000002,-0.023571810000000082
Hungary,Central and Eastern Europe,5.992,0.047,6.085,5.899,10.358,0.943,68.0,0.755,-0.186,0.876,2.43,1.301,1.083,0.615,0.454,0.067,0.04,2.432,9655983.0,-0.25 %,-24328.0,107.0,90530.0,6000.0,1.5,43,72 %,0.12 %,9660350.0,9769949.0,98.723,43.4,0.0,3.555,9.011,0.0,0.0,0.253,28.7,131293.0,130624.0,129266.0,142921.0,128.939,10.0,0.0,10.0,10.0,Central and Eastern Europe,6.000400066,0.039473221,6.077767372,5.923032761,10.24924374,0.921934128,67.60997009,0.718964577,-0.194323018,0.892916501,-0.2687285982547222,-0.008400066000000095,0.10875625999999983,0.021065871999999985,0.39002990999999554,0.036035422999999955,0.008323017999999988,-0.016916500999999973
Thailand,Southeast Asia,5.985,0.047,6.077,5.893,9.805,0.888,67.401,0.884,0.287,0.895,2.43,1.107,0.957,0.596,0.611,0.375,0.028,2.309,69830779.0,0.25 %,174396.0,137.0,510890.0,19444.0,1.5,40,51 %,0.90 %,69799978.0,69625582.0,0.09,40.1,0.0,0.751,8.27,0.0,0.0,0.354,35.315,468911.0,473541.0,506211.0,501438.0,26.61,0.0,3.0,-3.0,-3.0,Southeast Asia,5.998799801,0.042596295,6.082288742,5.91531086,9.741791725,0.889973223,67.25059509,0.905063033,0.268685192,0.886272311,0.34135723932744816,-0.013799800999999334,0.06320827499999915,-0.001973223000000024,0.1504049099999918,-0.02106303300000001,0.01831480799999996,0.008727688999999983
Nicaragua,Latin America and Caribbean,5.972,0.083,6.134,5.81,8.62,0.864,67.657,0.836,0.02,0.664,2.43,0.693,0.904,0.604,0.553,0.201,0.176,2.841,6638075.0,1.21 %,79052.0,55.0,120340.0,-21272.0,2.4,26,57 %,0.08 %,6624554.0,6545502.0,2.491,27.3,0.0,0.86,9.528,0.0,0.0,0.28,46.515,,,,,,7.0,1.0,6.0,6.0,Latin America and Caribbean,6.13710022,0.063886963,6.262318611,6.011881828,8.493160248,0.857497036,67.50717926,0.863902867,0.020959141,0.665950119,0.6569054346019612,-0.16510021999999935,0.12683975199999864,0.0065029639999999445,0.14982073999999557,-0.027902866999999998,-0.0009591410000000002,-0.0019501189999999724
Japan,East Asia,5.94,0.04,6.02,5.861,10.611,0.884,75.1,0.796,-0.258,0.638,2.43,1.389,0.949,0.838,0.504,0.02,0.192,2.048,126407422.0,-0.30 %,-383840.0,347.0,364555.0,71560.0,1.4,48,92 %,1.62 %,126476458.0,126264931.0,2.603,48.2,1.0,0.863,8.39,1.0,0.0,0.317,33.9,1340567.0,1362470.0,1387775.0,1376426.0,10.146,10.0,0.0,10.0,10.0,East Asia,5.870800018,0.041391667,5.951927662,5.789672375,10.57968903,0.883545935,75.00096893,0.809961379,-0.246910349,0.654558063,-1.052900111094348,0.06919998200000066,0.03131096999999983,0.0004540650000000035,0.09903106999999522,-0.01396137899999994,-0.011089651000000006,-0.016558062999999956
Argentina,Latin America and Caribbean,5.929,0.056,6.04,5.819,9.962,0.898,69.0,0.828,-0.182,0.834,2.43,1.162,0.98,0.646,0.544,0.069,0.067,2.461,45267449.0,0.93 %,415097.0,17.0,2736690.0,4800.0,2.3,32,93 %,0.58 %,45195777.0,44938712.0,95.684,31.9,0.0,0.549,9.717,0.0,0.0,0.091,39.6,,,,,,9.0,0.0,9.0,9.0,Latin America and Caribbean,5.974699974,0.053441759,6.079445839,5.869954109,9.810955048,0.900567949,68.80380249,0.831132412,-0.194913864,0.842009842,0.1516784875159408,-0.0456999739999997,0.15104495199999945,-0.002567949000000014,0.19619751000000463,-0.003132412000000029,0.012913863999999997,-0.00800984199999999
Portugal,Western Europe,5.929,0.055,6.037,5.821,10.421,0.879,72.6,0.892,-0.244,0.887,2.43,1.323,0.939,0.76,0.621,0.029,0.033,2.225,10191409.0,-0.29 %,-29478.0,111.0,91590.0,-6000.0,1.3,46,66 %,0.13 %,10196707.0,10269417.0,67.728,46.2,0.0,3.224,9.207,0.0,0.0,0.248,32.1,109283.0,112692.0,111474.0,125500.0,140.235,10.0,0.0,10.0,10.0,Western Europe,5.910900116,0.053158198,6.015089989,5.806710243,10.26374245,0.886590719,72.40202332,0.888747811,-0.220714301,0.892629504,-0.321847363249263,0.01809988400000062,0.15725754999999886,-0.007590718999999968,0.19797667999999646,0.0032521890000000164,-0.023285698999999993,-0.005629503999999952
Honduras,Latin America and Caribbean,5.919,0.082,6.081,5.758,8.648,0.812,67.3,0.857,0.081,0.809,2.43,0.703,0.787,0.593,0.578,0.241,0.083,2.934,9931333.0,1.63 %,158490.0,89.0,111890.0,-6800.0,2.5,24,57 %,0.13 %,9904608.0,9588000.0,31.602,24.9,0.0,0.887,9.511,0.0,0.0,0.209,48.1,,,,,,7.0,0.0,7.0,7.0,Latin America and Caribbean,5.953199863,0.065731592,6.082033634,5.824366093,8.424534798,0.821870148,67.19876862,0.870603263,0.086969115,0.801131904,1.4164804718920367,-0.03419986300000044,0.22346520199999986,-0.009870147999999968,0.10123138000000154,-0.013603263000000032,-0.005969114999999997,0.007868096000000047
Croatia,Central and Eastern Europe,5.882,0.048,5.975,5.788,10.217,0.924,70.799,0.754,-0.118,0.939,2.43,1.251,1.039,0.703,0.453,0.111,0.0,2.325,4100719.0,-0.61 %,-25037.0,73.0,55960.0,-8001.0,1.4,44,58 %,0.05 %,4105268.0,4067500.0,95.487,44.0,0.0,4.057,9.037,0.0,0.0,0.131,29.7,53269.0,52562.0,51611.0,57922.0,133.158,9.0,0.0,9.0,9.0,Central and Eastern Europe,5.504700184,0.037783645,5.578756332,5.430644035,10.07087517,0.874623716,70.21490479,0.714838803,-0.128538325,0.916495264,-0.44740886347390996,0.37729981599999984,0.14612482999999976,0.04937628400000005,0.584095210000001,0.03916119699999998,0.010538325000000015,0.022504735999999914
Philippines,Southeast Asia,5.88,0.052,5.982,5.778,9.076,0.83,62.0,0.917,-0.097,0.742,2.43,0.853,0.828,0.426,0.651,0.125,0.126,2.872,109830324.0,1.35 %,1464463.0,368.0,298170.0,-67152.0,2.6,26,47 %,1.41 %,109581085.0,108116615.0,8.436,25.2,1.0,0.74,8.226,1.0,0.0,0.52,42.23,,,,,,8.0,0.0,8.0,8.0,Southeast Asia,6.006000042,0.049858402,6.103722572,5.908277512,8.993545532,0.846730053,61.92676163,0.915463448,-0.105463006,0.733634114,4.911503504712077,-0.12600004200000026,0.08245446799999989,-0.016730053000000078,0.07323836999999855,0.0015365520000000243,0.008463005999999995,0.008365885999999989
South Korea,East Asia,5.845,0.042,5.928,5.763,10.651,0.799,73.9,0.672,-0.083,0.727,2.43,1.403,0.758,0.801,0.353,0.134,0.135,2.262,51276977.0,0.09 %,43877.0,527.0,97230.0,11731.0,1.1,44,82 %,0.66 %,51269183.0,51709098.0,1.789,43.4,0.0,1.607,8.228,1.0,0.0,0.112,35.5,284548.0,298030.0,294080.0,308318.0,31.266,,,,,East Asia,5.872399807,0.044085015,5.958806515,5.785993099,10.51056671,0.799387157,73.6027298,0.612965107,-0.043404032,0.789067447,0.45127018409955777,-0.02739980700000011,0.14043328999999893,-0.0003871569999999158,0.2972701999999998,0.05903489300000009,-0.039595968,-0.062067447
Peru,Latin America and Caribbean,5.84,0.075,5.988,5.692,9.458,0.832,68.25,0.822,-0.154,0.891,2.43,0.986,0.833,0.623,0.536,0.087,0.031,2.744,33050211.0,1.42 %,461401.0,26.0,1280000.0,99069.0,2.3,31,79 %,0.42 %,32971846.0,32510453.0,114.279,29.1,0.0,0.636,9.69,0.0,0.0,0.096,43.9,98704.0,112516.0,114560.0,214503.0,323.476,9.0,0.0,9.0,9.0,Latin America and Caribbean,5.796800137,0.061311204,5.916970253,5.67663002,9.456313133,0.831075251,68.10023499,0.824766099,-0.16238822,0.893714964,0.36046953125,0.043199862999999894,0.0016868670000000918,0.000924748999999947,0.14976500999999587,-0.002766099000000022,0.008388220000000002,-0.002714963999999931
Bosnia and Herzegovina,Central and Eastern Europe,5.813,0.05,5.911,5.715,9.59,0.87,68.098,0.706,0.113,0.931,2.43,1.032,0.919,0.618,0.395,0.261,0.005,2.583,3277152.0,-0.61 %,-20181.0,64.0,51000.0,-21585.0,1.3,43,52 %,0.04 %,3280815.0,3301000.0,123.445,42.5,0.0,3.509,9.032,0.0,0.0,0.064,33.03,,,,,,,,,,Central and Eastern Europe,5.674099922,0.046385963,5.765016556,5.583183289,9.455817223,0.829204142,67.80813599,0.651352704,0.098274559,0.933769107,-0.3957058823529412,0.13890007799999982,0.13418277699999948,0.04079585799999996,0.2898640100000023,0.054647295999999956,0.014725441000000006,-0.002769106999999993
Moldova,Commonwealth of Independent States,5.766,0.046,5.856,5.677,9.454,0.857,65.699,0.822,-0.079,0.918,2.43,0.985,0.888,0.542,0.536,0.137,0.013,2.665,4032294.0,-0.23 %,-9300.0,123.0,32850.0,-1387.0,1.3,38,43 %,0.05 %,4033963.0,2657637.0,73.997,37.6,0.0,2.348,8.952,0.0,0.0,0.104,25.9,36768.0,37176.0,36794.0,40382.0,103.692,9.0,0.0,9.0,9.0,Commonwealth of Independent States,5.607500076,0.042275578,5.690360069,5.524640083,8.776714325,0.843313575,65.01301575,0.721609175,-0.037741039,0.913314283,-0.2831050228310502,0.15849992400000001,0.6772856750000003,0.013686424999999947,0.6859842500000042,0.10039082499999996,-0.041258961000000004,0.004685717000000089
Ecuador,Latin America and Caribbean,5.764,0.057,5.875,5.653,9.313,0.821,68.8,0.842,-0.124,0.843,2.43,0.935,0.806,0.64,0.56,0.107,0.062,2.653,17688599.0,1.55 %,269392.0,71.0,248360.0,36400.0,2.4,28,63 %,0.23 %,17643060.0,17373662.0,79.544,28.1,0.0,0.789,9.634,0.0,0.0,0.205,45.4,70049.0,71769.0,73479.0,115842.0,251.745,6.0,1.0,5.0,5.0,Latin America and Caribbean,5.925199986,0.052880634,6.028846264,5.821553707,9.246058464,0.836418986,68.50003815,0.859828949,-0.127014965,0.801215112,1.0846835239168948,-0.16119998599999974,0.06694153599999986,-0.015418986000000023,0.29996185000000253,-0.017828948999999983,0.0030149650000000083,0.04178488800000002
Kyrgyzstan,Commonwealth of Independent States,5.744,0.046,5.834,5.653,8.538,0.893,64.401,0.935,0.119,0.908,2.43,0.665,0.971,0.501,0.673,0.266,0.02,2.648,6542426.0,1.69 %,108345.0,34.0,191800.0,-4000.0,3.0,26,36 %,0.08 %,6524191.0,6456900.0,20.769,26.3,0.0,1.08,8.566,0.0,0.0,0.186,27.34,33166.0,32989.0,33295.0,39977.0,105.184,8.0,0.0,8.0,8.0,Commonwealth of Independent States,5.541500092,0.043677468,5.627108097,5.455892086,8.148405075,0.887228489,64.10601044,0.909374893,0.154772058,0.888396084,0.5648852971845673,0.20249990800000006,0.3895949250000008,0.0057715110000000625,0.29498955999999055,0.02562510700000009,-0.035772057999999995,0.019603916
Greece,Western Europe,5.723,0.046,5.813,5.632,10.279,0.823,72.6,0.582,-0.288,0.823,2.43,1.273,0.811,0.76,0.243,0.0,0.074,2.561,10413936.0,-0.48 %,-50401.0,81.0,128900.0,-16000.0,1.3,46,85 %,0.13 %,10423056.0,10716322.0,46.416,45.3,0.0,2.327,9.026,0.0,1.0,0.124,32.3,124069.0,119952.0,124538.0,132966.0,95.679,10.0,0.0,10.0,10.0,Western Europe,5.514999866,0.046931833,5.606986046,5.423013687,10.13232613,0.814380348,72.40525818,0.541345119,-0.300907373,0.859931409,-0.39100853374709077,0.20800013399999973,0.14667387000000076,0.008619651999999922,0.19474181999999018,0.04065488099999992,0.012907373,-0.036931409000000026
Bolivia,Latin America and Caribbean,5.716,0.053,5.819,5.613,9.046,0.81,63.901,0.875,-0.077,0.839,2.43,0.842,0.782,0.486,0.6,0.138,0.064,2.805,11700207.0,1.39 %,159921.0,11.0,1083300.0,-9504.0,2.8,26,69 %,0.15 %,11673029.0,11513100.0,78.514,25.4,0.0,0.609,9.726,0.0,0.0,0.101,43.8,,,,,,7.0,0.0,7.0,7.0,Latin America and Caribbean,5.747499943,0.050645422,5.846765041,5.648234844,8.851115227,0.803108692,63.6004715,0.875873327,-0.09168113,0.822606206,0.14762392689005815,-0.03149994300000003,0.19488477300000007,0.00689130800000004,0.30052850000000575,-0.0008733269999999793,0.01468113,0.01639379399999996
Mongolia,East Asia,5.677,0.042,5.76,5.595,9.4,0.935,62.5,0.708,0.116,0.856,2.43,0.966,1.065,0.442,0.397,0.263,0.053,2.492,3287242.0,1.65 %,53123.0,2.0,1553560.0,-852.0,2.9,28,67 %,0.04 %,3278292.0,3225167.0,0.031,28.6,0.0,1.14,8.326,1.0,0.0,0.102,32.35,15812.0,17331.0,17205.0,15922.0,-26.468,10.0,0.0,10.0,10.0,East Asia,5.456200123,0.040313236,5.535213947,5.377186298,9.412186623,0.937142491,62.30448532,0.693351328,0.098093867,0.863511205,0.0341943664872937,0.22079987699999926,-0.012186622999999841,-0.0021424909999999686,0.19551468000000227,0.014648671999999974,0.017906133000000005,-0.007511205000000021
Paraguay,Latin America and Caribbean,5.653,0.092,5.832,5.473,9.448,0.893,65.9,0.876,0.028,0.882,2.43,0.983,0.97,0.549,0.602,0.206,0.037,2.306,7147553.0,1.25 %,87902.0,18.0,397300.0,-16556.0,2.4,26,62 %,0.09 %,7132530.0,7044636.0,31.714,26.5,0.0,0.591,9.726,0.0,0.0,0.138,47.4,29021.0,31258.0,32362.0,34139.0,45.971,9.0,0.0,9.0,9.0,Latin America and Caribbean,5.692100048,0.051957864,5.793937683,5.590262413,9.389982224,0.898727894,65.63993835,0.885923445,0.007997713,0.834788501,0.22124842688144977,-0.039100048000000776,0.0580177759999998,-0.005727893999999956,0.26006165000001147,-0.009923444999999975,0.020002287,0.04721149899999999
Montenegro,Central and Eastern Europe,5.581,0.054,5.686,5.475,9.94,0.858,68.699,0.708,-0.034,0.812,2.43,1.155,0.891,0.637,0.397,0.166,0.081,2.254,628080.0,0.01 %,79.0,47.0,13450.0,-480.0,1.8,39,68 %,0.01 %,628062.0,622137.0,108.588,39.1,0.0,3.134,9.015,0.0,0.0,0.216,31.93,,,,,,9.0,0.0,9.0,9.0,Central and Eastern Europe,5.54610014,0.04898582,5.642112255,5.450088024,9.751860619,0.855314612,68.50534821,0.649565637,-0.075600356,0.783121586,0.00587360594795539,0.03489986000000034,0.18813938099999916,0.0026853879999999553,0.1936517900000041,0.058434362999999934,0.04160035599999999,0.02887841400000002
Dominican Republic,Latin America and Caribbean,5.545,0.071,5.685,5.405,9.802,0.853,66.102,0.86,-0.133,0.714,2.43,1.106,0.879,0.555,0.581,0.101,0.144,2.178,10866667.0,1.01 %,108952.0,225.0,48320.0,-30000.0,2.4,28,85 %,0.14 %,10847904.0,10738958.0,22.253,27.6,1.0,1.13,9.503,0.0,0.0,0.199,44.4,,,,,,8.0,1.0,7.0,7.0,Latin America and Caribbean,5.689199924,0.069831297,5.826069355,5.552330494,9.664880753,0.882085383,65.80748749,0.866202772,-0.131263286,0.755999923,2.2548013245033114,-0.14419992400000048,0.13711924699999933,-0.029085382999999965,0.2945125100000041,-0.0062027719999999675,-0.0017367140000000003,-0.041999922999999995
North Cyprus,Western Europe,5.536,0.051,5.636,5.435,10.576,0.82,73.898,0.795,0.012,0.626,2.43,1.377,0.806,0.801,0.503,0.196,0.2,1.653,,,,,,,,,,,,,,,0.0,,,0.0,0.0,0.305,,,,,,,,,,,Western Europe,5.53550005,0.051037241,5.635532856,5.435467243,10.40570259,0.820356607,73.70222473,0.79529351,0.000227159,0.62611568,,0.0004999500000000268,0.17029740999999987,-0.0003566070000000643,0.1957752699999986,-0.00029350999999999683,0.011772841000000001,-0.00011567999999995138
Belarus,Commonwealth of Independent States,5.534,0.047,5.625,5.442,9.853,0.91,66.253,0.65,-0.18,0.627,2.43,1.124,1.007,0.56,0.326,0.07,0.199,2.247,9448772.0,-0.03 %,-3088.0,47.0,202910.0,8730.0,1.7,40,79 %,0.12 %,9449321.0,9466856.0,15.07,40.3,0.0,2.377,8.935,0.0,0.0,0.242,25.44,,,,,,0.0,7.0,-7.0,-7.0,Commonwealth of Independent States,5.539899826,0.037060037,5.612537384,5.467262268,9.779945374,0.90674746,66.10433197,0.639163077,-0.164926544,0.63571167,-0.015218569809275048,-0.0058998260000002745,0.07305462599999935,0.0032525400000000815,0.14866802999999607,0.010836923000000054,-0.015073455999999985,-0.00871166999999995
Russia,Commonwealth of Independent States,5.477,0.033,5.541,5.413,10.189,0.903,64.703,0.718,-0.111,0.845,2.43,1.241,0.992,0.511,0.409,0.115,0.06,2.148,145945524.0,0.04 %,62206.0,9.0,16376870.0,182456.0,1.8,40,74 %,1.87 %,145934460.0,144373535.0,38.559,39.6,0.0,1.771,8.869,0.0,0.0,0.196,34.56,1824340.0,1827827.0,1800683.0,2124479.0,211.405,5.0,1.0,4.0,4.0,Commonwealth of Independent States,5.546000004,0.039609671,5.623634815,5.468365192,10.12887192,0.903150737,64.10045624,0.729892612,-0.151153743,0.864802599,0.0037984059224992323,-0.06900000399999939,0.06012808000000014,-0.0001507370000000119,0.6025437600000032,-0.011892612000000025,0.040153743000000006,-0.019802599000000032
Hong Kong S.A.R. of China,East Asia,5.477,0.049,5.573,5.38,11.0,0.836,76.82,0.717,0.067,0.403,2.43,1.525,0.841,0.893,0.408,0.232,0.342,1.236,,,,,,,,,,,7496988.0,7451000.0,1.974,44.8,0.0,1.179,8.044,1.0,0.0,0.318,48.275,45883.0,47478.0,48706.0,50653.0,44.117,,,,,East Asia,5.510399818,0.046019029,5.600596905,5.420202732,10.9346714,0.845969081,76.77170563,0.779833794,0.134979904,0.420607209,,-0.03339981799999947,0.06532860000000085,-0.009969081000000046,0.04829436999999359,-0.062833794,-0.06797990400000001,-0.017607208999999957
Tajikistan,Commonwealth of Independent States,5.466,0.034,5.532,5.4,8.091,0.86,64.281,0.832,-0.056,0.553,2.43,0.508,0.895,0.498,0.548,0.152,0.247,2.619,9573310.0,2.32 %,216627.0,68.0,139960.0,-20000.0,3.6,22,27 %,0.12 %,9537642.0,9321018.0,0.944,23.3,0.0,1.135,8.624,0.0,0.0,0.554,34.0,32027.0,32699.0,33537.0,41743.0,95.327,1.0,4.0,-3.0,-3.0,Commonwealth of Independent States,5.555699825,0.032321576,5.619050026,5.492349625,8.024810791,0.835297108,64.10459137,0.831383407,-0.025088511,0.592076063,1.5477779365533009,-0.0896998249999994,0.06618920899999914,0.024702891999999976,0.1764086300000116,0.0006165929999999431,-0.030911489,-0.039076062999999994
Vietnam,Southeast Asia,5.411,0.039,5.488,5.334,8.973,0.85,68.034,0.94,-0.098,0.796,2.43,0.817,0.873,0.616,0.679,0.124,0.091,2.211,97490013.0,0.91 %,876473.0,314.0,310070.0,-80000.0,2.1,32,38 %,1.25 %,97338583.0,96462106.0,0.036,32.6,0.0,0.807,8.108,1.0,0.0,0.49,40.1,,,,,,0.0,7.0,-7.0,-7.0,Southeast Asia,5.353499889,0.033800762,5.41974926,5.287250519,8.809545517,0.849987149,67.9527359,0.939592957,-0.094533332,0.79642123,2.826693972328829,0.05750011099999952,0.16345448300000065,1.2850999999924895e-05,0.08126410000001272,0.0004070429999999403,-0.003466668000000006,-0.00042122999999993915
Libya,Middle East and North Africa,5.41,0.076,5.558,5.262,9.622,0.827,62.3,0.771,-0.087,0.667,2.43,1.044,0.821,0.435,0.474,0.131,0.174,2.331,6887247.0,1.38 %,93840.0,4.0,1759540.0,-1999.0,2.3,29,78 %,0.09 %,6871287.0,6777452.0,21.51,29.0,0.0,2.194,9.122,0.0,0.0,0.311,30.2,,,,,,-77.0,-77.0,-77.0,0.0,Middle East and North Africa,5.488800049,0.060677204,5.607727528,5.36987257,9.789815903,0.825942934,62.29999924,0.773157001,-0.085054487,0.668779135,0.05333212089523398,-0.07880004899999982,-0.16781590299999927,0.0010570659999999954,7.599999989338357e-07,-0.0021570009999999362,-0.001945512999999996,-0.0017791349999999317
Malaysia,Southeast Asia,5.384,0.049,5.48,5.289,10.238,0.817,67.102,0.895,0.125,0.839,2.43,1.259,0.797,0.587,0.624,0.27,0.064,1.784,32436963.0,1.30 %,416222.0,99.0,328550.0,50000.0,2.0,30,78 %,0.42 %,32365998.0,31949777.0,1.455,29.9,0.0,0.714,8.415,1.0,0.0,0.443,41.04,168100.0,172100.0,173700.0,174300.0,9.329,7.0,0.0,7.0,7.0,Southeast Asia,5.384300232,0.048802696,5.479953289,5.288647175,10.26251888,0.816509426,67.10215759,0.894626856,0.114726797,0.839302301,1.2668452290366763,-0.00030023199999984485,-0.024518880000000465,0.0004905739999999659,-0.00015759000000059586,0.0003731439999999919,0.010273202999999995,-0.0003023010000000603
Indonesia,Southeast Asia,5.345,0.056,5.454,5.235,9.365,0.811,62.236,0.873,0.542,0.867,2.43,0.954,0.786,0.433,0.598,0.541,0.046,1.987,274021604.0,1.07 %,2898047.0,151.0,1811570.0,-98955.0,2.3,30,56 %,3.51 %,273523621.0,270625568.0,8.094,29.3,1.0,0.576,8.578,0.0,0.0,0.561,37.478,,,,,,9.0,0.0,9.0,9.0,Southeast Asia,5.285600185,0.047692381,5.379077435,5.192122936,9.36975193,0.808379889,62.15584946,0.870614409,0.519586504,0.876296401,1.5997433165707093,0.05939981499999991,-0.004751929999999405,0.002620111000000036,0.08015053999999822,0.0023855910000000202,0.022413496000000088,-0.009296400999999954
Congo (Brazzaville),Sub-Saharan Africa,5.342,0.097,5.533,5.151,8.117,0.636,58.221,0.695,-0.068,0.745,2.43,0.518,0.392,0.307,0.381,0.144,0.124,3.476,,,,,,,,,,,5518092.0,5380508.0,1.957,19.0,0.0,0.853,9.287,0.0,0.0,0.238,48.94,,,,,,,,,,Sub-Saharan Africa,5.194399834,0.077028967,5.345376492,5.043423176,8.536987305,0.640228093,57.92448044,0.719058514,-0.123674095,0.751779079,,0.14760016599999926,-0.41998730499999937,-0.004228093000000044,0.296519559999993,-0.02405851400000003,0.05567409499999999,-0.006779078999999966
China,East Asia,5.339,0.029,5.397,5.281,9.673,0.811,69.593,0.904,-0.146,0.755,2.43,1.061,0.785,0.665,0.636,0.093,0.117,1.982,1440297825.0,0.39 %,5540090.0,153.0,9388211.0,-348399.0,1.7,38,61 %,18.47 %,1439323774.0,1397715000.0,0.332,38.7,0.0,1.097,8.213,1.0,0.0,0.516,46.7,,,,,,0.0,7.0,-7.0,-7.0,East Asia,5.123899937,0.025901664,5.174667358,5.073132515,9.688568115,0.798760593,69.2891922,0.898517907,-0.18142575,0.7539711,0.590111364135297,0.2151000630000004,-0.01556811500000066,0.012239407000000035,0.3038078000000013,0.005482093000000021,0.035425750000000006,0.0010288999999999993
Ivory Coast,Sub-Saharan Africa,5.306,0.078,5.46,5.152,8.551,0.644,50.114,0.741,-0.016,0.794,2.43,0.669,0.409,0.052,0.438,0.177,0.092,3.469,,,,,,,,,,,26378275.0,25716544.0,0.519,18.7,0.0,0.964,9.365,0.0,0.0,0.285,48.594,,,,,,,,,,Sub-Saharan Africa,5.233300209,0.073095515,5.376567364,5.090033054,8.225561142,0.658048689,49.50377274,0.727909327,-0.043991156,0.790771961,,0.07269979099999979,0.32543885800000005,-0.014048689000000003,0.6102272599999949,0.013090672999999997,0.027991155999999996,0.003228039000000016
Armenia,Commonwealth of Independent States,5.283,0.058,5.397,5.168,9.487,0.799,67.055,0.825,-0.168,0.629,2.43,0.996,0.758,0.585,0.54,0.079,0.198,2.127,2964219.0,0.19 %,5512.0,104.0,28470.0,-4998.0,1.8,35,63 %,0.04 %,2963234.0,2957731.0,95.268,35.7,0.0,1.762,8.858,0.0,0.0,0.174,33.62,27367.0,25645.0,26252.0,35371.0,302.304,7.0,0.0,7.0,7.0,Commonwealth of Independent States,4.676799774,0.058595356,4.791646481,4.561953068,9.100476265,0.757479429,66.75065613,0.712017834,-0.13877961,0.773544788,0.19360730593607306,0.6062002260000003,0.3865237350000008,0.04152057100000006,0.30434387000001095,0.112982166,-0.029220390000000013,-0.14454478800000004
Nepal,South Asia,5.269,0.07,5.406,5.132,8.12,0.774,64.233,0.782,0.152,0.727,2.43,0.519,0.702,0.496,0.488,0.287,0.135,2.642,29225196.0,1.85 %,528098.0,203.0,143350.0,41710.0,1.9,25,21 %,0.37 %,29136808.0,28608710.0,6.37,25.0,0.0,0.877,8.418,0.0,1.0,0.392,32.84,,,,,,8.0,1.0,7.0,7.0,South Asia,5.137199879,0.057692084,5.250276566,5.024123192,7.925357342,0.785512447,63.77917862,0.797565043,0.154168829,0.738099158,3.6839762818276944,0.13180012100000038,0.19464265799999936,-0.011512446999999981,0.45382138000000083,-0.015565042999999945,-0.002168829000000011,-0.011099158000000053
Bulgaria,Central and Eastern Europe,5.266,0.054,5.371,5.16,10.016,0.931,67.0,0.788,-0.096,0.932,2.43,1.181,1.055,0.583,0.494,0.125,0.005,1.823,6939018.0,-0.74 %,-51674.0,64.0,108560.0,-4800.0,1.6,45,76 %,0.09 %,6948445.0,6975761.0,109.032,44.7,0.0,2.692,9.007,0.0,0.0,0.073,39.6,109330.0,108247.0,107849.0,126525.0,259.256,9.0,0.0,9.0,9.0,Central and Eastern Europe,5.101500034,0.04422117,5.188173294,5.014826775,9.869318962,0.937840343,66.80397797,0.745178163,-0.143908441,0.935585141,-0.47599484156226973,0.16449996600000016,0.14668103800000054,-0.0068403429999999155,0.19602202999999463,0.042821837000000085,0.047908440999999996,-0.0035851409999999584
Maldives,South Asia,5.198,0.072,5.339,5.057,9.826,0.913,70.6,0.854,0.024,0.825,2.43,1.115,1.015,0.697,0.575,0.204,0.073,1.52,542151.0,1.81 %,9591.0,1802.0,300.0,11370.0,1.9,30,35 %,0.01 %,540542.0,530953.0,8.88,30.6,1.0,0.712,8.738,0.0,0.0,0.327,37.343,,,,,,,,,,South Asia,5.197599888,0.071985401,5.338691235,5.056508541,9.518632889,0.91316092,70.59999847,0.853962779,0.038085498,0.824211061,31.97,0.0004001120000003411,0.30736711100000136,-0.00016092000000000883,1.5299999915896478e-06,3.72210000000317e-05,-0.014085498000000002,0.0007889389999999885
Azerbaijan,Commonwealth of Independent States,5.171,0.04,5.25,5.091,9.569,0.836,65.656,0.814,-0.223,0.506,2.43,1.025,0.841,0.541,0.526,0.043,0.276,1.919,10154978.0,0.91 %,91459.0,123.0,82658.0,1200.0,2.1,32,56 %,0.13 %,10139175.0,10023318.0,26.048,32.4,0.0,1.752,8.81,0.0,0.0,0.352,26.6,57109.0,57250.0,56447.0,75647.0,185.609,0.0,7.0,-7.0,-7.0,Commonwealth of Independent States,5.164800167,0.034197241,5.231826782,5.097773552,9.687726974,0.819308281,65.50839996,0.786824107,-0.240255281,0.55253756,1.1064748723656512,0.0061998330000001545,-0.11872697399999943,0.016691718999999994,0.14760004000000038,0.027175892999999895,0.017255280999999983,-0.04653755999999998
Cameroon,Sub-Saharan Africa,5.142,0.074,5.288,4.996,8.189,0.71,53.515,0.731,0.026,0.848,2.43,0.543,0.556,0.159,0.425,0.205,0.058,3.195,26655083.0,2.59 %,669483.0,56.0,472710.0,-4800.0,4.6,19,56 %,0.34 %,26545864.0,25876380.0,1.688,18.8,0.0,0.919,9.276,0.0,0.0,0.281,46.64,,,,,,1.0,5.0,-4.0,-4.0,Sub-Saharan Africa,5.084899902,0.067296073,5.216800213,4.952999592,8.118647575,0.700386405,52.7049408,0.763051808,-0.00149645,0.851336598,1.4162657866345116,0.057100098000000266,0.07035242499999939,0.00961359499999992,0.8100591999999978,-0.03205180800000007,0.02749645,-0.0033365980000000794
Senegal,Sub-Saharan Africa,5.132,0.068,5.266,4.998,8.118,0.71,59.802,0.695,-0.046,0.801,2.43,0.518,0.558,0.357,0.381,0.158,0.088,3.071,16816539.0,2.75 %,447563.0,87.0,192530.0,-20000.0,4.7,19,49 %,0.21 %,16743930.0,16296364.0,2.449,18.7,0.0,1.062,9.39,0.0,0.0,0.355,40.29,,,,,,7.0,0.0,7.0,7.0,Sub-Saharan Africa,4.980800152,0.05276908,5.084227562,4.877372742,8.118982315,0.723616004,59.59915161,0.690596163,-0.052335154,0.808785141,2.324640315794941,0.15119984800000008,-0.0009823149999999004,-0.01361600400000007,0.20284838999999977,0.0044038369999999105,0.0063351540000000026,-0.00778514099999994
Albania,Central and Eastern Europe,5.117,0.059,5.234,5.001,9.52,0.697,68.999,0.785,-0.03,0.901,2.43,1.008,0.529,0.646,0.491,0.168,0.024,2.25,2877239.0,-0.11 %,-3120.0,105.0,27400.0,-14000.0,1.6,36,63 %,0.04 %,2877800.0,2854191.0,41.038,38.0,0.0,3.058,9.036,0.0,0.0,0.15,28.96,,,,,,9.0,0.0,9.0,9.0,Central and Eastern Europe,4.882699966,0.056115732,4.992686749,4.772713184,9.417930603,0.671070457,68.70813751,0.781994224,-0.042309489,0.896303713,-0.11386861313868613,0.23430003400000032,0.10206939699999928,0.025929542999999944,0.290862489999995,0.003005776000000071,0.012309489,0.004696287000000021
Ghana,Sub-Saharan Africa,5.088,0.067,5.219,4.958,8.58,0.727,57.586,0.807,0.123,0.848,2.43,0.68,0.595,0.287,0.517,0.268,0.058,2.684,31181428.0,2.15 %,655084.0,137.0,227540.0,-10000.0,3.9,22,57 %,0.40 %,31072945.0,30417856.0,1.078,21.1,0.0,0.952,9.342,0.0,0.0,0.305,43.52,,,,,,8.0,0.0,8.0,8.0,Sub-Saharan Africa,5.147999763,0.058634609,5.262923717,5.033075809,8.350645065,0.728601098,57.20398712,0.794796526,0.094170853,0.847964764,2.8789839149160588,-0.05999976299999954,0.22935493499999993,-0.0016010979999999675,0.3820128799999978,0.012203474000000103,0.028829147,3.523599999999405e-05
Niger,Sub-Saharan Africa,5.074,0.102,5.273,4.875,7.098,0.641,53.78,0.806,0.018,0.693,2.43,0.162,0.402,0.167,0.516,0.2,0.157,3.47,24346468.0,3.84 %,895929.0,19.0,1266700.0,4000.0,7.0,15,17 %,0.31 %,24206636.0,23310715.0,0.43,15.1,0.0,1.126,9.29,0.0,0.0,0.484,34.28,,,,,,6.0,1.0,5.0,5.0,Sub-Saharan Africa,4.909599781,0.077208281,5.060927868,4.758271694,6.842166901,0.617435038,53.50009537,0.759772122,0.013860817,0.722530186,0.7072937554274887,0.16440021900000001,0.2558330990000002,0.023564962000000023,0.2799046300000043,0.046227878000000056,0.004139182999999999,-0.029530186000000014
Turkmenistan,Commonwealth of Independent States,5.066,0.036,5.136,4.996,9.629,0.983,62.409,0.877,0.273,0.888,2.43,1.046,1.172,0.439,0.602,0.366,0.033,1.409,6046292.0,1.50 %,89111.0,13.0,469930.0,-5000.0,2.8,27,53 %,0.08 %,5942089.0,5942089.0,,,0.0,1.463,8.735,0.0,0.0,0.511,26.5,,,,,,0.0,8.0,-8.0,-8.0,Commonwealth of Independent States,5.119100094,0.029379817,5.17668438,5.061515808,9.74803257,0.958966196,62.21170807,0.826457024,0.187671542,0.883691847,0.18962611452769562,-0.053100094000000375,-0.1190325699999999,0.024033803999999992,0.19729192999999867,0.05054297600000002,0.08532845800000002,0.004308152999999981
Gambia,Sub-Saharan Africa,5.051,0.089,5.225,4.877,7.686,0.69,55.16,0.697,0.424,0.746,2.43,0.367,0.511,0.21,0.384,0.465,0.123,2.99,2427782.0,2.94 %,68962.0,239.0,10120.0,-3087.0,5.3,18,59 %,0.03 %,2416664.0,2347706.0,5.131,17.5,0.0,1.044,9.393,0.0,0.0,0.489,35.92,,,,,,4.0,0.0,4.0,4.0,Sub-Saharan Africa,4.750599861,0.067163654,4.882240772,4.61895895,7.321814537,0.6931687,55.0120163,0.733163178,0.343198717,0.690717816,6.814426877470356,0.30040013899999973,0.3641854630000001,-0.0031687000000000243,0.1479836999999975,-0.03616317800000002,0.080801283,0.055282183999999956
Benin,Sub-Saharan Africa,5.045,0.073,5.189,4.901,8.087,0.489,54.713,0.757,-0.034,0.661,2.43,0.507,0.058,0.196,0.457,0.166,0.178,3.482,12175480.0,2.73 %,322049.0,108.0,112760.0,-2000.0,4.9,19,48 %,0.16 %,12123198.0,11801151.0,0.363,18.8,0.0,0.971,9.319,0.0,0.0,0.398,47.76,,,,,,7.0,0.0,7.0,7.0,Sub-Saharan Africa,5.21600008,0.077759244,5.368408203,5.063591957,7.674319744,0.468671143,54.31246567,0.735182583,-0.003537213,0.740532577,2.8560571124512237,-0.17100007999999978,0.4126802559999998,0.020328856999999978,0.4005343299999993,0.02181741700000006,-0.030462787,-0.07953257699999994
Laos,Southeast Asia,5.03,0.045,5.119,4.941,8.947,0.728,58.968,0.91,0.123,0.658,2.43,0.808,0.598,0.33,0.643,0.268,0.179,2.204,7293542.0,1.48 %,106105.0,32.0,230800.0,-14704.0,2.7,24,36 %,0.09 %,7275556.0,7169455.0,0.0,24.4,0.0,0.773,8.184,1.0,0.0,0.708,36.39,,,,,,0.0,7.0,-7.0,-7.0,Southeast Asia,4.888599873,0.040268615,4.967526436,4.809673309,8.79858017,0.737502217,58.70992279,0.907213569,0.11137148,0.634679317,0.45972703639514734,0.14140012699999982,0.14841982999999992,-0.00950221699999998,0.2580772100000033,0.002786430999999978,0.011628520000000003,0.02332068300000001
Bangladesh,South Asia,5.025,0.046,5.115,4.934,8.454,0.693,64.8,0.877,-0.041,0.682,2.43,0.635,0.52,0.514,0.603,0.161,0.164,2.427,164972348.0,1.01 %,1643222.0,1265.0,130170.0,-369501.0,2.1,28,39 %,2.11 %,164689383.0,163046161.0,4.59,27.5,0.0,0.824,8.349,0.0,1.0,0.577,43.973,,,,,,0.0,6.0,-6.0,-6.0,South Asia,4.832799911,0.040124193,4.911443233,4.75415659,8.287063599,0.687292993,64.50306702,0.90062499,-0.033664726,0.661843538,12.623661365906123,0.19220008899999996,0.16693640100000096,0.005707006999999931,0.296932979999994,-0.023624989999999957,-0.007335274000000003,0.020156462000000097
Guinea,Sub-Saharan Africa,4.984,0.09,5.16,4.808,7.838,0.639,55.008,0.697,0.095,0.766,2.43,0.42,0.399,0.206,0.384,0.25,0.111,3.216,13191279.0,2.83 %,361549.0,53.0,245720.0,-4000.0,4.7,18,39 %,0.17 %,13132792.0,12771246.0,0.617,19.0,0.0,0.97,9.409,0.0,0.0,0.349,33.73,,,,,,4.0,0.0,4.0,4.0,Sub-Saharan Africa,4.949299812,0.073042229,5.09246254,4.806137085,7.750990391,0.637573481,54.46780014,0.706846774,0.076328471,0.761794448,1.4713861305551035,0.03470018800000041,0.08700960899999988,0.001426519000000015,0.5401998600000013,-0.009846774000000003,0.018671529000000006,0.004205552000000057
South Africa,Sub-Saharan Africa,4.956,0.06,5.074,4.839,9.403,0.86,56.904,0.749,-0.067,0.86,2.43,0.967,0.895,0.265,0.447,0.144,0.051,2.187,59436725.0,1.28 %,750420.0,49.0,1213090.0,145405.0,2.4,28,67 %,0.76 %,59308690.0,58558270.0,48.001,27.3,0.0,0.607,9.297,0.0,0.0,0.193,65.426,,,,566004.0,,9.0,0.0,9.0,9.0,Sub-Saharan Africa,4.814099789,0.060023591,4.931746006,4.696453571,9.403370857,0.852532268,56.50601196,0.759330094,-0.109777324,0.843423843,0.6186020822857331,0.14190021100000028,-0.0003708570000000577,0.007467731999999949,0.3979880400000013,-0.010330093999999956,0.04277732399999999,0.016576157000000036
Turkey,Middle East and North Africa,4.948,0.046,5.038,4.857,10.24,0.822,67.199,0.576,-0.139,0.776,2.43,1.26,0.809,0.59,0.236,0.097,0.104,1.852,84495243.0,1.09 %,909452.0,110.0,769630.0,283922.0,2.1,32,76 %,1.08 %,84339067.0,83429615.0,24.758,31.6,0.0,2.067,8.952,0.0,0.0,0.295,40.55,,,,,,0.0,4.0,-4.0,-4.0,Middle East and North Africa,5.131800175,0.039838459,5.20988369,5.05371666,10.12941933,0.826313555,66.90281677,0.608830452,-0.171046436,0.748197377,1.181674311032574,-0.183800175,0.11058067000000094,-0.00431355500000008,0.2961832299999969,-0.03283045200000001,0.032046435999999984,0.027802623000000026
Pakistan,South Asia,4.934,0.068,5.066,4.802,8.458,0.651,58.709,0.726,0.098,0.787,2.43,0.637,0.423,0.322,0.418,0.252,0.097,2.784,221612785.0,2.00 %,4327022.0,287.0,770880.0,-233379.0,3.6,23,35 %,2.83 %,220892331.0,216565318.0,4.607,23.5,0.0,1.048,8.577,0.0,0.0,0.277,33.45,,,,,,7.0,0.0,7.0,7.0,South Asia,5.69329977,0.048216224,5.78780365,5.598795891,8.482727051,0.689062297,58.25313568,0.734833717,0.04489987,0.745705426,5.613094126193441,-0.7592997700000002,-0.024727050999999278,-0.03806229699999997,0.45586432000000343,-0.008833717000000019,0.05310013,0.04129457400000003
Morocco,Middle East and North Africa,4.918,0.06,5.036,4.8,8.903,0.56,66.208,0.774,-0.236,0.801,2.43,0.792,0.219,0.558,0.477,0.034,0.088,2.749,36985624.0,1.20 %,438791.0,83.0,446300.0,-51419.0,2.4,30,64 %,0.47 %,36910558.0,36471769.0,20.016,29.6,0.0,2.336,9.226,0.0,0.0,0.397,39.55,,,,,,1.0,5.0,-4.0,-4.0,Middle East and North Africa,5.094799995,0.05565045,5.203875065,4.985724926,8.940313339,0.592628479,65.89624023,0.772072434,-0.240377247,0.815724611,0.9831749943983867,-0.17679999499999965,-0.03731333899999889,-0.03262847899999999,0.3117597699999948,0.0019275659999999917,0.004377247000000001,-0.014724610999999999
Venezuela,Latin America and Caribbean,4.892,0.064,5.017,4.767,9.073,0.861,66.7,0.615,-0.169,0.827,2.43,0.852,0.897,0.574,0.284,0.078,0.072,2.135,28421581.0,-0.28 %,-79889.0,32.0,882050.0,-653249.0,2.3,30,N.A.,0.36 %,28435943.0,28515829.0,3.615,29.0,0.0,0.891,9.564,0.0,0.0,0.12,37.8,,,,,,1.0,4.0,-3.0,-3.0,Latin America and Caribbean,5.053199768,0.06428051,5.179189682,4.927209854,8.977793694,0.890408158,66.50534058,0.62327832,-0.169090509,0.837038398,-0.09057196304064395,-0.16119976799999947,0.09520630599999969,-0.029408157999999962,0.1946594200000078,-0.008278320000000061,9.050899999998863e-05,-0.01003839800000006
Georgia,Commonwealth of Independent States,4.891,0.054,4.998,4.785,9.585,0.671,64.3,0.783,-0.238,0.655,2.43,1.03,0.47,0.498,0.488,0.032,0.181,2.191,3987805.0,-0.19 %,-7598.0,57.0,69490.0,-10000.0,2.1,38,58 %,0.05 %,3989175.0,3720382.0,62.795,38.7,0.0,1.706,8.851,0.0,1.0,0.198,37.94,,,,,,8.0,1.0,7.0,7.0,Commonwealth of Independent States,4.672599792,0.043417413,4.757698059,4.587501526,9.226100922,0.629033029,64.49520874,0.801641524,-0.22892037,0.665944695,-0.10933947330551158,0.21840020800000026,0.3588990780000003,0.04196697100000002,-0.19520873999999822,-0.018641523999999965,-0.009079629999999977,-0.010944694999999949
Algeria,Middle East and North Africa,4.887,0.053,4.991,4.783,9.342,0.802,66.005,0.48,-0.067,0.752,2.43,0.946,0.765,0.552,0.119,0.144,0.12,2.242,43984569.0,1.85 %,797990.0,18.0,2381740.0,-10000.0,3.1,29,73 %,0.56 %,43851043.0,43053054.0,6.285,29.1,0.0,2.933,9.159,0.0,0.0,0.415,27.62,,,,,,3.0,1.0,2.0,2.0,Middle East and North Africa,5.005099773,0.044236008,5.09180212,4.918397427,9.537964821,0.803385139,65.90517426,0.466610909,-0.121105164,0.735485137,0.3350449671248751,-0.11809977300000085,-0.19596482099999868,-0.0013851389999999242,0.09982574,0.013389090999999964,0.054105164,0.016514863000000046
Ukraine,Commonwealth of Independent States,4.875,0.052,4.977,4.773,9.436,0.888,64.902,0.724,-0.011,0.924,2.43,0.979,0.958,0.517,0.417,0.181,0.01,1.813,43686577.0,-0.59 %,-259876.0,75.0,579320.0,10000.0,1.4,41,69 %,0.56 %,43733759.0,44385155.0,44.087,41.4,0.0,2.206,8.929,0.0,0.0,0.059,25.0,574123.0,587665.0,581114.0,616835.0,81.407,5.0,1.0,4.0,4.0,Commonwealth of Independent States,4.56069994,0.049683895,4.658080578,4.463319302,9.010690689,0.878879368,64.60678101,0.663081884,-0.030933706,0.920636714,-0.44858799972381413,0.3143000599999999,0.42530931099999947,0.009120632000000017,0.2952189899999951,0.06091811599999997,0.019933706,0.003363286000000021
Iraq,Middle East and North Africa,4.854,0.059,4.97,4.738,9.24,0.746,60.583,0.63,-0.053,0.875,2.43,0.91,0.638,0.381,0.302,0.153,0.041,2.429,40372771.0,2.32 %,912710.0,93.0,434320.0,7834.0,3.7,21,73 %,0.52 %,40222503.0,39309783.0,31.855,20.0,0.0,1.652,8.882,0.0,0.0,0.133,33.12,,,,,,6.0,0.0,6.0,6.0,Middle East and North Africa,4.784800053,0.077791877,4.937272072,4.632328033,9.661095619,0.747694969,59.90354919,0.633182645,-0.06956476,0.82226181,2.101468962976607,0.06919994700000043,-0.42109561899999903,-0.0016949689999999906,0.6794508099999987,-0.003182644999999984,0.016564760000000005,0.05273819000000002
Gabon,Sub-Saharan Africa,4.852,0.075,4.998,4.706,9.603,0.776,59.962,0.731,-0.2,0.84,2.43,1.037,0.707,0.362,0.424,0.058,0.064,2.201,2234448.0,2.45 %,53155.0,9.0,257670.0,3260.0,4.0,23,87 %,0.03 %,2225728.0,2172579.0,2.875,23.1,0.0,0.865,9.305,0.0,1.0,0.104,38.02,,,,,,4.0,1.0,3.0,3.0,Sub-Saharan Africa,4.829299927,0.060268242,4.947425842,4.711174011,9.680537224,0.787886858,59.71533966,0.704829216,-0.222261623,0.849150956,0.20629099235456202,0.02270007300000021,-0.0775372240000003,-0.011886858,0.24666034000000536,0.026170783999999947,0.02226162299999998,-0.009150956000000043
Burkina Faso,Sub-Saharan Africa,4.834,0.081,4.993,4.675,7.678,0.672,54.151,0.695,-0.009,0.748,2.43,0.364,0.472,0.179,0.381,0.182,0.122,3.133,20997293.0,2.86 %,581895.0,76.0,273600.0,-25000.0,5.2,18,31 %,0.27 %,20903278.0,20321378.0,0.407,17.6,0.0,1.092,9.318,0.0,0.0,0.359,35.3,,,,,,7.0,1.0,6.0,6.0,Sub-Saharan Africa,4.768700123,0.062067267,4.890351772,4.647048473,7.46854496,0.712943614,53.88945389,0.665563583,-0.019080516,0.739795029,2.1268092105263157,0.06529987699999928,0.20945503999999993,-0.040943613999999906,0.2615461100000047,0.029436416999999993,0.010080516,0.00820497099999995
Cambodia,Southeast Asia,4.83,0.067,4.963,4.698,8.36,0.765,62.0,0.959,0.034,0.843,2.43,0.603,0.68,0.426,0.702,0.21,0.061,2.148,16758448.0,1.41 %,232423.0,95.0,176520.0,-30000.0,2.5,26,24 %,0.21 %,16718971.0,16486542.0,0.0,25.6,0.0,0.714,8.256,1.0,0.0,0.498,36.0,,,,,,0.0,4.0,-4.0,-4.0,Southeast Asia,4.848400116,0.058006871,4.962093353,4.734706879,8.249890327,0.773080647,61.52996826,0.959704638,0.051911179,0.822769046,1.3166949920688873,-0.018400115999999578,0.11010967300000019,-0.008080646999999996,0.47003174000000314,-0.0007046380000000907,-0.017911179,0.020230953999999968
Mozambique,Sub-Saharan Africa,4.794,0.103,4.997,4.592,7.158,0.744,54.706,0.882,0.061,0.684,2.43,0.183,0.634,0.196,0.608,0.228,0.163,2.783,31398811.0,2.93 %,889399.0,40.0,786380.0,-5000.0,4.9,18,38 %,0.40 %,31255435.0,30366036.0,0.531,17.7,0.0,0.599,9.273,0.0,0.0,0.473,49.417,,,,,,6.0,1.0,5.0,5.0,Sub-Saharan Africa,4.623600006,0.079284087,4.778996944,4.468203068,7.069345951,0.723874032,54.20582199,0.864451885,0.032375868,0.683019102,1.13100409471248,0.1703999939999994,0.08865404900000051,0.020125967999999994,0.5001780100000062,0.017548114999999975,0.028624131999999997,0.0009808980000000078
Nigeria,Sub-Saharan Africa,4.759,0.052,4.861,4.658,8.533,0.74,50.102,0.737,0.037,0.878,2.43,0.663,0.625,0.051,0.433,0.212,0.039,2.736,206984347.0,2.58 %,5175990.0,226.0,910770.0,-60000.0,5.4,18,52 %,2.64 %,206139587.0,200963599.0,0.625,18.1,0.0,1.023,9.279,0.0,0.0,0.2,44.894,,,,,,8.0,1.0,7.0,7.0,Sub-Saharan Africa,4.724100113,0.05211626,4.826248169,4.621952057,8.57662487,0.73721689,49.86190796,0.759578407,0.033745807,0.861874342,5.683092328469317,0.03489988699999991,-0.04362487000000037,0.0027831099999999775,0.2400920399999933,-0.022578407000000023,0.0032541929999999955,0.016125657999999987
Mali,Sub-Saharan Africa,4.723,0.082,4.884,4.563,7.744,0.724,51.969,0.697,-0.036,0.827,2.43,0.387,0.59,0.11,0.384,0.164,0.072,3.016,20346106.0,3.02 %,592802.0,17.0,1220190.0,-40000.0,5.9,16,44 %,0.26 %,20250834.0,19658031.0,1.328,16.4,0.0,1.07,9.352,0.0,0.0,0.274,33.04,,,,,,6.0,1.0,5.0,5.0,Sub-Saharan Africa,4.729300022,0.064362764,4.855451107,4.603148937,7.629852295,0.731468976,51.72698212,0.71156615,-0.044366926,0.839328408,0.48582761701046556,-0.00630002200000046,0.11414770499999971,-0.0074689760000000716,0.2420178799999988,-0.014566150000000055,0.008366926000000004,-0.012328408000000013
Iran,Middle East and North Africa,4.721,0.055,4.828,4.614,9.584,0.71,66.3,0.608,0.218,0.714,2.43,1.03,0.557,0.561,0.275,0.33,0.144,1.823,84176929.0,1.30 %,1079043.0,52.0,1628550.0,-55000.0,2.2,32,76 %,1.08 %,83992953.0,82913906.0,65.747,32.4,0.0,1.707,8.809,0.0,0.0,0.367,39.97,,,,,,0.0,7.0,-7.0,-7.0,Middle East and North Africa,4.672399998,0.055878021,4.78192091,4.562879086,9.813719749,0.694689691,66.00614929,0.647873282,0.117891103,0.714635968,0.6625789813023856,0.0486000019999997,-0.22971974900000092,0.015310308999999966,0.29385071000000096,-0.039873282000000065,0.100108897,-0.0006359679999999868
Uganda,Sub-Saharan Africa,4.636,0.073,4.78,4.493,7.677,0.781,56.101,0.709,0.122,0.855,2.43,0.364,0.718,0.24,0.398,0.267,0.054,2.596,45974931.0,3.32 %,1471413.0,229.0,199810.0,168694.0,5.0,17,26 %,0.59 %,45741000.0,44269594.0,0.549,16.4,0.0,0.816,9.143,0.0,0.0,0.239,42.75,,,,,,1.0,2.0,-1.0,-1.0,Sub-Saharan Africa,4.43200016,0.068495452,4.566251278,4.297749043,7.500389576,0.764994621,55.70820236,0.731713951,0.099487431,0.836737812,7.364060857814924,0.20399983999999982,0.1766104239999997,0.016005378999999986,0.3927976399999977,-0.022713951000000066,0.022512568999999996,0.018262188000000013
Liberia,Sub-Saharan Africa,4.625,0.106,4.833,4.417,7.288,0.72,56.498,0.735,0.05,0.85,2.43,0.228,0.58,0.253,0.43,0.221,0.057,2.857,5077411.0,2.44 %,120307.0,53.0,96320.0,-5000.0,4.4,19,53 %,0.06 %,5057677.0,4937374.0,1.641,19.2,0.0,0.935,9.398,0.0,0.0,0.273,35.27,,,,,,8.0,1.0,7.0,7.0,Sub-Saharan Africa,4.557899952,0.081956357,4.71853447,4.397265434,7.054380417,0.70928055,56.09631348,0.735268712,0.04227322,0.856375933,1.2490344684385382,0.06710004800000036,0.2336195830000003,0.010719449999999964,0.4016865199999984,-0.0002687120000000043,0.0077267800000000025,-0.006375933000000056
Kenya,Sub-Saharan Africa,4.607,0.072,4.747,4.466,8.361,0.688,60.704,0.779,0.287,0.825,2.43,0.603,0.508,0.385,0.483,0.375,0.073,2.18,53968739.0,2.28 %,1197323.0,94.0,569140.0,-10000.0,3.5,20,28 %,0.69 %,53771300.0,52573973.0,3.106,20.0,0.0,0.781,9.119,0.0,0.0,0.331,40.78,,,,,,9.0,0.0,9.0,9.0,Sub-Saharan Africa,4.583000183,0.067804985,4.715898037,4.450102329,8.02977562,0.702652037,60.09693146,0.829747558,0.294681519,0.831499159,2.103740731630179,0.02399981699999998,0.3312243800000001,-0.014652037000000062,0.6070685400000002,-0.05074755799999997,-0.0076815190000000255,-0.006499159000000088
Tunisia,Middle East and North Africa,4.596,0.058,4.709,4.484,9.266,0.691,67.201,0.656,-0.201,0.87,2.43,0.919,0.515,0.59,0.334,0.057,0.044,2.138,11839918.0,1.06 %,123900.0,76.0,155360.0,-4000.0,2.2,33,70 %,0.15 %,11818618.0,11694719.0,39.565,32.7,0.0,3.018,9.118,0.0,0.0,0.129,32.82,,,,,,7.0,0.0,7.0,7.0,Middle East and North Africa,4.392199993,0.049670532,4.489554405,4.294845581,9.314972878,0.688718557,66.89785767,0.593361557,-0.216413811,0.867590249,0.7975025746652935,0.2038000069999999,-0.04897287800000072,0.002281442999999994,0.30314233,0.06263844299999999,0.015413811,0.00240975099999996
Lebanon,Middle East and North Africa,4.584,0.055,4.691,4.477,9.626,0.848,67.355,0.525,-0.073,0.898,2.43,1.045,0.868,0.595,0.175,0.14,0.026,1.736,6819976.0,-0.44 %,-30268.0,667.0,10230.0,-30012.0,2.1,30,78 %,0.09 %,6825442.0,6855713.0,21.508,31.1,0.0,1.891,8.956,0.0,0.0,0.107,31.83,,,,,,6.0,0.0,6.0,6.0,Middle East and North Africa,4.771500111,0.043753985,4.857257843,4.685742378,9.3617239,0.824338138,67.10658264,0.551357508,-0.06121527,0.90225625,-2.958748778103617,-0.1875001110000003,0.2642761,0.023661861999999978,0.2484173600000048,-0.02635750800000003,-0.011784729999999993,-0.0042562499999999615
Namibia,Sub-Saharan Africa,4.574,0.064,4.7,4.448,9.161,0.818,56.799,0.719,-0.149,0.847,2.43,0.882,0.801,0.262,0.411,0.091,0.059,2.068,2548663.0,1.86 %,46375.0,3.0,823290.0,-4806.0,3.4,22,55 %,0.03 %,2540916.0,2494530.0,8.068,22.0,0.0,0.625,9.349,0.0,1.0,0.311,57.535,,,,,,6.0,0.0,6.0,6.0,Sub-Saharan Africa,4.571100235,0.060983475,4.690628052,4.451572418,9.203141212,0.846880972,56.50148773,0.767520964,-0.18530646,0.851449788,0.05632887560883771,0.0028997649999995545,-0.04214121200000065,-0.02888097200000006,0.2975122699999986,-0.048520964000000055,0.03630646000000001,-0.004449788000000066
Palestinian Territories,Middle East and North Africa,4.517,0.067,4.649,4.384,8.485,0.826,62.25,0.653,-0.163,0.821,2.43,0.646,0.819,0.434,0.33,0.082,0.075,2.131,,,,,,,,,,,5101416.0,4685306.0,27.443,20.4,0.0,2.111,8.975,0.0,0.0,0.164,33.69,,,,,,,,,,Middle East and North Africa,4.552800179,0.055874817,4.662314892,4.443285465,8.389223099,0.825295925,62.25,0.645791829,-0.162079096,0.824199975,,-0.035800178999999765,0.09577690099999892,0.0007040749999999152,0.0,0.007208171000000041,-0.0009209040000000002,-0.0031999750000000216
Myanmar,Southeast Asia,4.426,0.052,4.527,4.324,8.541,0.779,59.302,0.876,0.509,0.66,2.43,0.666,0.713,0.341,0.601,0.52,0.178,1.407,54473253.0,0.67 %,364380.0,83.0,653290.0,-163313.0,2.2,29,31 %,0.70 %,54409794.0,54045420.0,4.929,29.1,0.0,0.759,8.299,0.0,1.0,0.621,38.07,,,,,,,,,,Southeast Asia,4.308000088,0.042949215,4.392180443,4.223819733,8.680481911,0.78440702,58.96171188,0.895075202,0.560663998,0.645124316,0.5577614841800732,0.11799991200000015,-0.13948191099999896,-0.005407019999999929,0.34028811999999675,-0.019075202000000013,-0.05166399799999999,0.014875684000000056
Jordan,Middle East and North Africa,4.395,0.062,4.516,4.273,9.182,0.767,67.0,0.755,-0.167,0.705,2.43,0.89,0.685,0.583,0.455,0.079,0.15,1.553,10220604.0,1.00 %,101440.0,115.0,88780.0,10220.0,2.8,24,91 %,0.13 %,10203140.0,10101694.0,37.577,23.2,0.0,1.895,8.961,0.0,0.0,0.465,33.1,,,,,,2.0,5.0,-3.0,-3.0,Middle East and North Africa,4.633399963,0.058751218,4.748552322,4.518247604,9.025999069,0.80216372,66.79975128,0.75104779,-0.162565202,0.700344324,1.1425996846136517,-0.238399963,0.15600093100000123,-0.03516372000000001,0.2002487200000047,0.0039522100000000115,-0.0044347980000000176,0.004655675999999942
Chad,Sub-Saharan Africa,4.355,0.094,4.54,4.171,7.364,0.619,48.478,0.579,0.041,0.807,2.43,0.255,0.353,0.0,0.24,0.215,0.084,3.209,16502877.0,3.00 %,478988.0,13.0,1259200.0,2000.0,5.8,17,23 %,0.21 %,16425859.0,15946876.0,0.633,16.7,0.0,1.077,9.213,0.0,0.0,0.269,43.32,,,,,,1.0,3.0,-2.0,-2.0,Sub-Saharan Africa,4.422699928,0.075231321,4.570153236,4.27524662,7.467963696,0.632388055,48.22053909,0.587305248,0.017834719,0.802760839,0.38039072426937737,-0.06769992799999969,-0.1039636960000001,-0.013388054999999954,0.25746090999999893,-0.008305247999999987,0.023165281000000003,0.004239161000000102
Sri Lanka,South Asia,4.325,0.066,4.454,4.196,9.47,0.827,67.299,0.841,0.079,0.863,2.43,0.99,0.82,0.593,0.559,0.239,0.049,1.075,21428970.0,0.42 %,89516.0,341.0,62710.0,-97986.0,2.2,34,18 %,0.27 %,21413250.0,21670000.0,0.953,34.1,1.0,0.705,8.635,0.0,0.0,0.368,41.937,,,,,,7.0,1.0,6.0,6.0,South Asia,4.327000141,0.053085525,4.431047916,4.222952366,9.389969826,0.825374067,67.20006561,0.837633669,0.081129618,0.859001756,1.4274597352894276,-0.0020001409999999,0.0800301740000009,0.0016259329999999128,0.09893439000001081,0.0033663309999999447,-0.002129618,0.00399824400000004
Swaziland,Sub-Saharan Africa,4.308,0.071,4.448,4.168,9.065,0.77,50.833,0.647,-0.185,0.708,2.43,0.849,0.693,0.074,0.323,0.067,0.147,2.155,,,,,,,,,,,,,,,,,,,,,,,,,,,0.0,9.0,-9.0,-9.0,Sub-Saharan Africa,4.308100224,0.07145194,4.448145866,4.168054581,9.16267395,0.770290196,51.18823624,0.646822274,-0.19920142,0.708263338,,-0.00010022400000053722,-0.09767395000000079,-0.0002901960000000203,-0.35523624000000353,0.00017772599999998917,0.014201419999999992,-0.00026333800000000185
Comoros,Sub-Saharan Africa,4.289,0.084,4.454,4.123,8.031,0.626,57.349,0.548,0.082,0.781,2.43,0.488,0.367,0.279,0.202,0.241,0.101,2.61,872695.0,2.20 %,18715.0,467.0,1861.0,-2000.0,4.2,20,29 %,0.01 %,869595.0,850886.0,1.15,20.4,1.0,0.663,9.128,0.0,0.0,0.139,45.33,,,,,,0.0,3.0,-3.0,-3.0,Sub-Saharan Africa,4.288599968,0.084340192,4.453906536,4.1232934,7.833630085,0.625662446,57.34901047,0.547612607,0.090008408,0.780622602,10.056421278882322,0.0004000319999999391,0.19736991500000034,0.0003375540000000177,-1.0470000006534974e-05,0.00038739300000001364,-0.008008407999999995,0.00037739800000002877
Egypt,Middle East and North Africa,4.283,0.045,4.371,4.195,9.367,0.75,61.998,0.749,-0.182,0.795,2.43,0.954,0.647,0.426,0.446,0.069,0.092,1.648,102659126.0,1.94 %,1946331.0,103.0,995450.0,-38033.0,3.3,25,43 %,1.31 %,102334403.0,100388073.0,7.457,25.3,0.0,1.627,9.007,0.0,0.0,0.446,31.56,,,,,,0.0,4.0,-4.0,-4.0,Middle East and North Africa,4.151400089,0.035979424,4.221919537,4.080880642,9.316541672,0.735447824,61.78015137,0.708354175,-0.196878314,0.787726879,1.95522728414285,0.13159991100000035,0.050458328000001273,0.014552176000000028,0.21784862999999888,0.040645825000000024,0.014878314000000004,0.0072731209999999935
Ethiopia,Sub-Saharan Africa,4.275,0.051,4.374,4.175,7.694,0.764,59.0,0.752,0.082,0.761,2.43,0.37,0.679,0.331,0.451,0.241,0.114,2.089,115434444.0,2.57 %,2884858.0,115.0,1000000.0,30000.0,4.3,19,21 %,1.47 %,114963583.0,112078730.0,1.673,19.8,0.0,0.915,9.047,0.0,1.0,0.397,33.498,,,,,,3.0,2.0,1.0,1.0,Sub-Saharan Africa,4.186200142,0.038915094,4.262473583,4.109926701,7.509385586,0.743307352,58.63959122,0.740795195,0.043377332,0.753690004,2.884858,0.08879985800000068,0.18461441400000034,0.020692648000000036,0.3604087800000002,0.011204804999999984,0.038622668000000006,0.007309996000000041
Mauritania,Sub-Saharan Africa,4.227,0.07,4.365,4.09,8.542,0.795,57.161,0.561,-0.106,0.731,2.43,0.666,0.749,0.273,0.218,0.119,0.133,2.069,4669775.0,2.74 %,123962.0,5.0,1030700.0,5000.0,4.6,20,57 %,0.06 %,4649660.0,4525696.0,7.463,20.3,0.0,1.149,9.364,0.0,0.0,0.122,32.62,,,,,,0.0,2.0,-2.0,-2.0,Sub-Saharan Africa,4.374599934,0.055093341,4.482583046,4.266616821,8.233919144,0.790819228,57.01017761,0.551522553,-0.106008142,0.746223509,0.12026971960803337,-0.1475999339999996,0.3080808560000001,0.004180771999999999,0.15082239000000186,0.009477447000000083,8.142000000002647e-06,-0.015223509000000024
Madagascar,Sub-Saharan Africa,4.208,0.072,4.349,4.068,7.396,0.686,59.305,0.552,-0.005,0.803,2.43,0.266,0.503,0.341,0.207,0.185,0.087,2.62,27808395.0,2.68 %,721711.0,48.0,581795.0,-1500.0,4.1,20,39 %,0.36 %,27691019.0,26969307.0,0.942,19.6,1.0,0.603,9.142,0.0,0.0,0.312,42.65,,,,,,6.0,0.0,6.0,6.0,Sub-Saharan Africa,4.165599823,0.057542104,4.278382301,4.052817345,7.281685829,0.668195903,59.10542679,0.557574093,-0.011823639,0.817485631,1.2404902070316863,0.042400177000000205,0.11431417100000019,0.017804097000000074,0.19957320999999695,-0.005574093000000002,0.006823639,-0.014485630999999999
Togo,Sub-Saharan Africa,4.107,0.077,4.258,3.956,7.362,0.569,54.914,0.619,0.032,0.772,2.43,0.254,0.239,0.203,0.289,0.209,0.107,2.806,8310934.0,2.43 %,196358.0,152.0,54390.0,-2000.0,4.4,19,43 %,0.11 %,8278737.0,8082366.0,0.821,19.4,0.0,0.966,9.329,0.0,1.0,0.212,43.06,,,,,,1.0,3.0,-2.0,-2.0,Sub-Saharan Africa,4.187200069,0.062506773,4.309713364,4.064686775,7.357711315,0.551312625,54.71989822,0.649828613,0.002667875,0.757733464,3.6101856958999816,-0.08020006899999998,0.004288684999999681,0.01768737499999995,0.194101780000004,-0.03082861300000006,0.029332125,0.014266536000000052
Zambia,Sub-Saharan Africa,4.073,0.069,4.209,3.938,8.145,0.708,55.809,0.782,0.061,0.823,2.43,0.528,0.552,0.231,0.487,0.227,0.074,1.975,18468257.0,2.93 %,522925.0,25.0,743390.0,-8000.0,4.7,18,45 %,0.24 %,18383956.0,17861030.0,2.11,17.7,0.0,0.667,9.251,0.0,0.0,0.322,57.14,,,,,,6.0,0.0,6.0,6.0,Sub-Saharan Africa,3.759399891,0.06067669,3.878326178,3.640473604,8.224720001,0.698824465,55.29937744,0.806500256,0.078037128,0.801289678,0.7034329221539165,0.31360010900000024,-0.0797200010000001,0.009175535000000012,0.5096225599999968,-0.024500255999999943,-0.017037128,0.021710322000000004
Sierra Leone,Sub-Saharan Africa,3.849,0.077,4.001,3.698,7.434,0.63,51.651,0.717,0.084,0.866,2.43,0.279,0.377,0.1,0.408,0.243,0.047,2.396,8004158.0,2.10 %,163768.0,111.0,72180.0,-4200.0,4.3,19,43 %,0.10 %,7976985.0,7813215.0,0.953,19.1,0.0,0.962,9.401,0.0,0.0,0.338,34.03,,,,,,8.0,1.0,7.0,7.0,Sub-Saharan Africa,3.926399946,0.061150789,4.046255589,3.806544304,7.26880312,0.636142015,50.86514282,0.715315044,0.088660747,0.861330688,2.2688833471875864,-0.07739994599999989,0.16519687999999988,-0.006142015000000001,0.7858571800000007,0.0016849559999999597,-0.004660746999999993,0.004669311999999981
India,South Asia,3.819,0.026,3.869,3.769,8.755,0.603,60.633,0.893,0.089,0.774,2.43,0.741,0.316,0.383,0.622,0.246,0.106,1.405,1382345085.0,0.99 %,13586631.0,464.0,2973190.0,-532687.0,2.2,28,35 %,17.70 %,1380004385.0,1366417754.0,10.778,28.2,0.0,0.937,8.532,0.0,0.0,0.526,39.334,,,,,,9.0,0.0,9.0,9.0,South Asia,3.573299885,0.027702235,3.627596378,3.519003391,8.849823952,0.592200935,60.21518707,0.881444871,0.057551607,0.772042692,4.569715019894457,0.245700115,-0.09482395199999871,0.010799064999999941,0.41781293000000375,0.011555128999999997,0.031448393,0.0019573080000000465
Burundi,Sub-Saharan Africa,3.775,0.107,3.985,3.565,6.635,0.49,53.4,0.626,-0.024,0.607,2.43,0.0,0.062,0.155,0.298,0.172,0.212,2.876,11948454.0,3.12 %,360204.0,463.0,25680.0,2001.0,5.5,17,14 %,0.15 %,11890781.0,11530580.0,0.017,17.5,0.0,0.781,9.186,0.0,0.0,0.293,38.62,,,,,,2.0,3.0,-1.0,-1.0,Sub-Saharan Africa,3.775300026,0.107122384,3.98526001,3.565340042,6.492642403,0.490325719,53.40000153,0.626350224,-0.017551597,0.606934547,14.026635514018691,-0.0003000260000001198,0.14235759700000017,-0.0003257190000000021,-1.5299999986950752e-06,-0.00035022399999995457,-0.006448403000000002,6.545299999993759e-05
Yemen,Middle East and North Africa,3.658,0.07,3.794,3.521,7.578,0.832,57.122,0.602,-0.147,0.8,2.43,0.329,0.831,0.272,0.268,0.092,0.089,1.776,29935468.0,2.28 %,664042.0,56.0,527970.0,-30000.0,3.8,20,38 %,0.38 %,29825968.0,29161922.0,2.045,20.3,0.0,1.005,8.966,0.0,0.0,0.267,36.71,,,,,,-77.0,-77.0,-77.0,0.0,Middle East and North Africa,3.527400017,0.054158084,3.633549929,3.421250105,7.759682655,0.817980587,56.72728348,0.599920273,-0.157735437,0.800287724,1.2577267647783017,0.13059998299999975,-0.18168265499999947,0.01401941299999998,0.3947165200000029,0.002079727000000031,0.010735437000000014,-0.0002877239999999892
Tanzania,Sub-Saharan Africa,3.623,0.071,3.762,3.485,7.876,0.702,57.999,0.833,0.183,0.577,2.43,0.433,0.54,0.3,0.549,0.307,0.231,1.263,60012400.0,2.98 %,1728755.0,67.0,885800.0,-40076.0,4.9,18,37 %,0.77 %,59734213.0,58005463.0,0.035,17.7,0.0,0.732,9.153,0.0,0.0,0.621,37.78,,,,,,4.0,1.0,3.0,3.0,Sub-Saharan Africa,3.476200104,0.06320975,3.600091219,3.352308989,7.967665195,0.688933194,57.49607468,0.82153976,0.109668687,0.619799435,1.9516312937457665,0.1467998960000001,-0.09166519500000003,0.013066805999999986,0.5029253200000028,0.01146024000000001,0.073331313,-0.04279943500000005
Haiti,Latin America and Caribbean,3.615,0.173,3.953,3.276,7.477,0.54,55.7,0.593,0.422,0.721,2.43,0.294,0.173,0.227,0.257,0.463,0.139,2.06,11426356.0,1.24 %,139451.0,414.0,27560.0,-35000.0,3.0,24,57 %,0.15 %,11402533.0,11263077.0,2.07,24.3,1.0,1.079,9.501,0.0,0.0,0.216,50.945,,,,,,6.0,1.0,5.0,5.0,Latin America and Caribbean,3.720799923,0.101463005,3.919667482,3.521932364,7.411329269,0.593247831,55.59862518,0.537825167,0.40053457,0.684767246,5.059905660377359,-0.10579992299999974,0.06567073099999998,-0.05324783099999997,0.10137482000000375,0.05517483299999992,0.021465430000000008,0.03623275399999992
Malawi,Sub-Saharan Africa,3.6,0.092,3.781,3.419,6.958,0.537,57.948,0.78,0.038,0.729,2.43,0.113,0.168,0.298,0.484,0.213,0.134,2.19,19211425.0,2.69 %,501205.0,203.0,94280.0,-16053.0,4.3,18,18 %,0.25 %,19129955.0,18628747.0,0.988,18.1,0.0,0.667,9.207,0.0,0.0,0.323,44.69,,,,,,6.0,0.0,6.0,6.0,Sub-Saharan Africa,3.538000107,0.070260517,3.675710678,3.400289536,7.062226295,0.544007301,57.59288788,0.803223193,0.021433279,0.731700778,5.316132795927026,0.061999893000000306,-0.10422629500000014,-0.007007301000000021,0.35511212000000114,-0.023223192999999975,0.016566721,-0.0027007780000000148
Lesotho,Sub-Saharan Africa,3.512,0.12,3.748,3.276,7.926,0.787,48.7,0.715,-0.131,0.915,2.43,0.451,0.731,0.007,0.405,0.103,0.015,1.8,2145194.0,0.80 %,16981.0,71.0,30360.0,-10047.0,3.2,24,31 %,0.03 %,2142252.0,2125268.0,2.381,24.0,0.0,0.586,9.317,0.0,0.0,0.279,54.18,,,,,,9.0,1.0,8.0,8.0,Sub-Saharan Africa,3.652800083,0.082120985,3.813757181,3.491842985,7.960488319,0.780495703,48.00362396,0.738125861,-0.145732045,0.857392073,0.5593214756258235,-0.1408000829999998,-0.03448831900000027,0.006504296999999992,0.6963760400000041,-0.023125861000000025,0.014732045,0.05760792700000006
Botswana,Sub-Saharan Africa,3.467,0.074,3.611,3.322,9.782,0.784,59.269,0.824,-0.246,0.801,2.43,1.099,0.724,0.34,0.539,0.027,0.088,0.648,2359585.0,2.08 %,47930.0,4.0,566730.0,3000.0,2.9,24,73 %,0.03 %,2351625.0,2303697.0,1.786,25.8,0.0,0.628,9.307,0.0,0.0,0.435,53.33,,,,,,8.0,0.0,8.0,8.0,Sub-Saharan Africa,3.478899956,0.060542691,3.597563744,3.360236168,9.711203575,0.779121757,58.92445374,0.821328104,-0.250394493,0.777930915,0.08457290067580682,-0.011899955999999712,0.07079642499999927,0.00487824300000006,0.3445462600000013,0.0026718959999999514,0.004394492999999999,0.023069085000000045
Rwanda,Sub-Saharan Africa,3.415,0.068,3.548,3.282,7.676,0.552,61.4,0.897,0.061,0.167,2.43,0.364,0.202,0.407,0.627,0.227,0.493,1.095,13005303.0,2.58 %,325268.0,525.0,24670.0,-9000.0,4.1,20,18 %,0.17 %,12952209.0,12626950.0,0.71,20.3,0.0,0.801,9.174,0.0,0.0,0.906,43.71,,,,,,0.0,3.0,-3.0,-3.0,Sub-Saharan Africa,3.312299967,0.052425209,3.415053368,3.209546566,7.600104332,0.54083544,61.09884644,0.900589406,0.055483952,0.183541179,13.184758816376165,0.10270003300000008,0.07589566800000025,0.011164560000000101,0.30115355999999593,-0.003589406000000017,0.005516047999999996,-0.01654117899999999
Zimbabwe,Sub-Saharan Africa,3.145,0.058,3.259,3.03,7.943,0.75,56.201,0.677,-0.047,0.821,2.43,0.457,0.649,0.243,0.359,0.157,0.075,1.205,14899771.0,1.48 %,217456.0,38.0,386850.0,-116858.0,3.6,19,38 %,0.19 %,14862927.0,14645468.0,2.442,19.6,0.0,0.645,9.244,0.0,0.0,0.287,40.363,,,,,,5.0,1.0,4.0,4.0,Sub-Saharan Africa,3.299200058,0.058674462,3.414201975,3.184198141,7.865711689,0.763092756,55.61725998,0.711457908,-0.072063953,0.81023699,0.5621196846322865,-0.1542000579999998,0.07728831099999933,-0.013092756000000039,0.5837400200000005,-0.034457907999999926,0.025063953,0.010763009999999906
Afghanistan,South Asia,2.523,0.038,2.596,2.449,7.695,0.463,52.493,0.382,-0.102,0.924,2.43,0.37,0.0,0.126,0.0,0.122,0.01,1.895,39074280.0,2.33 %,886592.0,60.0,652860.0,-62920.0,4.6,18,25 %,0.50 %,38928341.0,38041754.0,5.628,18.6,0.0,1.107,8.623,0.0,0.0,0.046,31.0,,,,,,1.0,2.0,-1.0,-1.0,South Asia,2.566900015,0.031311426,2.628270388,2.505529642,7.462860584,0.470366955,52.59000015,0.396573007,-0.0964294,0.933686554,1.3580124375823301,-0.04390001499999974,0.23213941599999988,-0.007366954999999953,-0.09700014999999951,-0.014573006999999971,-0.005570599999999995,-0.009686553999999958
